date,Mkt-RF,SMB,HML,RF,MOM
192701,-0.06,-0.51,4.73,0.25,0.36
192702,4.18,-0.25,3.27,0.26,-2.14
192703,0.13,-1.89,-2.56,0.3,3.61
192704,0.46,0.49,0.71,0.25,4.3
192705,5.44,1.46,4.98,0.3,3
192706,-2.34,0.51,-1.53,0.26,0.55
192707,7.26,-3.25,-1.14,0.3,4.31
192708,1.97,-0.69,-3.74,0.28,1.36
192709,4.76,-3.63,-0.63,0.21,1.98
192710,-4.31,2.12,-4.33,0.25,-0.87
192711,6.58,2.72,-0.27,0.21,-0.66
192712,2.09,0.97,-1.13,0.22,3.21
192801,-0.68,4.26,-0.75,0.25,-0.52
192802,-1.7,-2.06,-0.65,0.33,-1.09
192803,8.81,-0.26,-1.22,0.29,4.78
192804,4.23,3.98,3.44,0.22,-4.41
192805,1.52,2.85,-3.27,0.32,3.02
192806,-4.85,-3.52,-0.03,0.31,2.04
192807,0.62,-1.32,-0.5,0.32,2.79
192808,6.68,-2.06,-2.15,0.32,3.54
192809,2.88,2.41,0.86,0.27,3.49
192810,1.33,2.22,-2.16,0.41,5.12
192811,11.81,-1.78,2.7,0.38,2.01
192812,0.36,-0.86,-0.65,0.06,1.54
192901,4.66,-3.56,-1.24,0.34,2.45
192902,-0.34,-0.38,1.66,0.36,3.05
192903,-0.89,-4.71,1.58,0.34,-0.64
192904,1.43,-0.97,0.59,0.36,1.85
192905,-6.39,-5.37,-1.42,0.44,-2
192906,9.7,-2.17,-2.79,0.52,8.71
192907,4.46,-3.85,2.66,0.33,2.84
192908,8.18,-9.51,0,0.4,4.7
192909,-5.47,1.18,-0.62,0.35,2.97
192910,-20.12,-4.01,7.77,0.46,4.1
192911,-12.74,-1.81,5.22,0.37,-2.39
192912,1.33,-4.48,-0.59,0.37,5.19
193001,5.61,3.53,-0.92,0.14,-5.24
193002,2.5,0.19,0.2,0.3,0.62
193003,7.1,3.41,0.33,0.35,-4.42
193004,-2.06,-0.35,-0.35,0.21,3.98
193005,-1.66,-2.02,-0.71,0.26,0.05
193006,-16.27,-3.36,2.28,0.27,6.62
193007,4.12,-0.35,-1.54,0.2,-2.11
193008,0.3,-2.23,-0.79,0.09,3.95
193009,-12.75,-2.22,-5.27,0.22,11.48
193010,-8.78,-0.12,-1.38,0.09,6.86
193011,-3.04,2.22,-3.52,0.13,-1.46
193012,-7.83,-4.66,-5.38,0.14,13.32
193101,6.24,3.75,7.13,0.15,-11.07
193102,10.88,3.38,1.6,0.04,-14.47
193103,-6.43,3.06,-3.67,0.13,9.46
193104,-9.98,-4.63,-3.95,0.08,11.4
193105,-13.24,5.16,-6.59,0.09,9.26
193106,13.9,-5.36,11.34,0.08,-17.88
193107,-6.62,1.49,-2.21,0.06,8.2
193108,0.41,-1.92,-1.54,0.03,-3.5
193109,-29.13,0.48,-6.67,0.03,10.15
193110,8.04,-1.73,1.46,0.1,3.27
193111,-9.08,4.32,-5.06,0.17,7.54
193112,-13.53,-0.42,-9.05,0.12,14.16
193201,-1.58,3.85,9.16,0.23,-10.87
193202,5.46,-2.87,-1.31,0.23,1.59
193203,-11.21,2.34,-2.44,0.16,9.92
193204,-17.96,1.51,1.32,0.11,6.97
193205,-20.51,4.12,-3.32,0.06,12.28
193206,-0.7,0.19,5.52,0.02,1.88
193207,33.84,-4.59,35.61,0.03,-45.02
193208,37.06,13.41,34.24,0.03,-52.05
193209,-2.94,-2.08,-7.36,0.03,2.36
193210,-13.17,-2.56,-10.33,0.02,4.95
193211,-5.88,2,-13.11,0.02,-1.83
193212,4.4,-8.64,-7.72,0.01,5.48
193301,1.25,0.63,6.36,0.01,-1.6
193302,-15.24,-2.58,-2.95,-0.03,4.26
193303,3.29,3.79,7.54,0.04,2.48
193304,38.85,3.07,19.65,0.1,-16.51
193305,21.43,36.56,19.19,0.04,-4.31
193306,13.11,8.42,-1.78,0.02,4
193307,-9.63,-1.05,3.27,0.02,0.1
193308,12.05,-5.39,3,0.03,7.59
193309,-10.65,-0.4,-11.74,0.02,1.58
193310,-8.36,-0.2,-8.57,0.01,-2.21
193311,9.97,-6.47,2.32,0.02,6.1
193312,1.83,0.63,-1.56,0.02,4.18
193401,12.6,12.69,15.59,0.05,-2.97
193402,-2.5,5.1,2,0.02,-0.28
193403,0.09,2.51,-2.7,0.02,-0.67
193404,-1.79,2.73,-3.73,0.01,-4.7
193405,-7.25,-0.29,-5.89,0.01,-2.56
193406,2.64,-2.23,-2.96,0.01,-0.96
193407,-10.96,-6.71,-10.98,0.01,8.71
193408,5.58,5.24,0.68,0.01,2.48
193409,-0.23,-1.43,-1.31,0.01,0.06
193410,-1.66,1.53,-5.5,0.01,6.9
193411,8.33,6.31,-1.97,0.01,3.83
193412,0.36,2.99,-3.11,0.01,4.73
193501,-3.45,1.03,-1.83,0.01,3.72
193502,-1.94,0.56,-7.51,0.02,13.92
193503,-3.68,-3.59,-5.07,0.01,3.16
193504,9.06,-1.47,4.32,0.01,-4.67
193505,3.47,-3.25,2.48,0.01,-3.65
193506,5.93,-2.4,-1.88,0.01,2.35
193507,7.51,1.65,6.64,0.01,-3.75
193508,2.65,6.11,5.9,0.01,-7.17
193509,2.63,1.63,-4.01,0.01,8.95
193510,7.03,2.8,-2.44,0.01,1.87
193511,4.88,4.16,11.73,0.02,-6.27
193512,4.56,0.4,1.06,0.01,3.78
193601,6.89,5.17,10.33,0.01,-3.33
193602,2.49,1.42,4.87,0.01,2.45
193603,0.99,0.57,-1.62,0.02,1.82
193604,-8.14,-6.07,-2.08,0.02,-7.65
193605,5.19,0.9,2.54,0.02,2.47
193606,2.4,-3.23,-1.22,0.03,0.38
193607,6.67,1,2.4,0.01,2.85
193608,0.99,0.6,3.82,0.02,0.65
193609,0.98,3.08,0.9,0.01,1.24
193610,7.12,-2.43,2.47,0.02,1
193611,3.27,8.77,-1.21,0.01,1.97
193612,0.21,3.96,4.3,0,2.01
193701,3.35,4.34,2.61,0.01,-1.9
193702,1.09,1.05,4.83,0.02,3.17
193703,-0.27,-1.69,6.5,0.01,2.7
193704,-7.36,-3.83,-3.66,0.03,-3.71
193705,-0.83,-0.68,-3.48,0.06,0.58
193706,-4.21,-3.76,-3.33,0.03,0.74
193707,8.91,0.89,0.81,0.03,-0.55
193708,-4.86,0.44,-2.25,0.02,-1.85
193709,-13.61,-6.98,-4.57,0.04,-7.01
193710,-9.61,0.41,-1.55,0.02,-1.6
193711,-8.31,-3.6,0.15,0.02,-1.23
193712,-4.24,-7.74,-0.4,0,4.67
193801,0.49,4.84,-1.61,0,-1.61
193802,5.84,0.4,-2.02,0,-2.91
193803,-23.82,-4.34,-3.54,-0.01,15.55
193804,14.51,6.46,0.23,0.01,-8.49
193805,-3.83,-2.51,-0.27,0,7.01
193806,23.87,4.3,0.32,0,-24.79
193807,7.34,6.67,2.14,-0.01,-7.01
193808,-2.67,-2.44,-4.73,0,3.64
193809,0.81,-2.73,-1.61,0.02,2.58
193810,7.8,5.79,5.07,0.01,-7.77
193811,-1.72,-2.57,-1.21,-0.06,3.07
193812,4.19,-1.83,0.53,0,2.18
193901,-5.96,-1.53,-3.96,-0.01,-3.04
193902,3.51,0.64,2.94,0.01,3.27
193903,-11.99,-4.72,-8.37,-0.01,-1.55
193904,-0.18,1.66,-0.29,0,2.56
193905,6.8,2.78,0.53,0.01,3.54
193906,-5.31,-0.99,-5.45,0.01,2.05
193907,10.24,4.13,0.31,0,-0.72
193908,-6.68,-4.68,-2.33,-0.01,5.95
193909,16.88,20.61,21.88,0.01,-31.03
193910,-0.53,-0.16,-4.7,0,6.56
193911,-3.62,-5.22,-6.28,0,-0.29
193912,3.03,0.87,-4.19,0,5.38
194001,-2.41,0.4,-1.09,0,1.75
194002,1.44,2.22,0.19,0,1.79
194003,2.05,1.26,-1.29,0,-0.35
194004,0.22,4.01,-0.26,0,3.25
194005,-21.95,-6.61,-3.82,-0.02,2.66
194006,6.67,-1.72,3.88,0,-2.06
194007,3.16,1.01,-0.74,0.01,0.81
194008,2.19,-0.11,0.56,-0.01,-1.56
194009,2.39,3.22,-1.13,0,-0.24
194010,3.02,0.28,4.64,0,-6.51
194011,-1.61,1.94,0.12,0,1.28
194012,0.69,-2.15,-0.89,0,3.48
194101,-4.17,1,3.83,-0.01,-4.43
194102,-1.43,-1.56,0.89,-0.01,0.97
194103,0.84,0.1,3.04,0.01,2.44
194104,-5.46,-1.68,3.41,-0.01,3.01
194105,1.39,-0.65,0.6,0,2.52
194106,5.83,1.32,0.59,0,-0.95
194107,5.87,5.71,7.25,0.03,-1.63
194108,-0.17,-0.42,-1.1,0.01,0.12
194109,-0.87,-0.99,-0.28,0.01,-1.65
194110,-5.25,-2.02,1.63,0,4.75
194111,-1.92,-1.21,-0.64,0,4.05
194112,-4.87,-2.99,-5.94,0.01,0.25
194201,0.79,7.53,10.1,0.02,-3.57
194202,-2.46,1.72,-1.13,0.01,-0.75
194203,-6.58,1.77,-0.62,0.01,-0.33
194204,-4.37,-0.6,2.09,0.01,-0.71
194205,5.94,-3.05,-2.65,0.03,-4.71
194206,2.69,-1.22,0.54,0.02,-1.32
194207,3.51,-0.14,2.44,0.03,0.77
194208,1.8,-0.02,1.4,0.03,-0.18
194209,2.61,0.55,2.28,0.03,-0.64
194210,6.82,1.75,6.37,0.03,-4.07
194211,0.15,-1.36,-4.05,0.03,-0.88
194212,5.12,-2.56,0.54,0.03,3.26
194301,7.13,8.88,8.18,0.03,-0.36
194302,6.15,4.7,6.33,0.03,-1.55
194303,6.01,5.03,5.51,0.03,4.85
194304,0.81,2.02,5.76,0.03,6.17
194305,5.74,4.34,3.21,0.03,5.64
194306,1.82,-1.01,-0.7,0.03,-1.29
194307,-4.77,-2.35,-2.3,0.03,-4.64
194308,1.3,-0.6,-0.43,0.03,0.88
194309,2.4,1.3,1.43,0.03,1.8
194310,-1.15,0.58,1.64,0.03,-0.57
194311,-5.91,-1.63,-4.03,0.03,-4.6
194312,6.36,3.31,3.23,0.03,6.03
194401,1.74,2.54,2.17,0.03,0.98
194402,0.37,-0.11,0.83,0.03,0.33
194403,2.46,1.73,3.43,0.02,2.51
194404,-1.69,-1.38,-1.13,0.03,0.55
194405,5.07,1.66,1.04,0.03,1.98
194406,5.49,3.99,1.75,0.03,-5.13
194407,-1.49,0.57,-0.48,0.03,0.12
194408,1.57,2.32,-1.44,0.03,4.66
194409,0.01,0.44,-0.97,0.02,-1.06
194410,0.16,-0.11,-0.39,0.03,-1.34
194411,1.71,0.23,2.52,0.03,1.34
194412,4.03,2.21,6.04,0.02,3.36
194501,2.01,2.44,0.63,0.03,0.02
194502,6.23,1.52,4.33,0.02,3.1
194503,-3.89,-1.61,-1.66,0.02,-3.26
194504,7.8,0.31,3.24,0.03,4.82
194505,1.73,1.48,0.36,0.03,0.11
194506,0.39,3.06,4.23,0.02,4.14
194507,-2.17,-1.52,-2.62,0.03,-2.7
194508,6.2,1.5,-4.27,0.03,-1.31
194509,4.77,1.7,0.42,0.03,1.25
194510,3.89,2.38,2.13,0.03,0.12
194511,5.39,4.31,3.96,0.02,4.11
194512,1.2,2.1,-2.28,0.03,1.25
194601,6.24,3.91,2.48,0.03,3.78
194602,-5.83,-0.71,-1.46,0.03,-1.44
194603,5.87,0.29,-0.54,0.03,2.68
194604,4.23,2.35,0.32,0.03,2.98
194605,3.93,1.46,1.28,0.03,-0.46
194606,-3.89,-1.58,-0.39,0.03,-2.5
194607,-2.69,-2.07,0.07,0.03,-0.02
194608,-6.44,-1.84,0.55,0.03,-0.04
194609,-10.17,-4.4,-1.92,0.03,0.74
194610,-1.44,0.1,3.46,0.03,1.03
194611,-0.01,-0.44,1.47,0.03,0.19
194612,4.96,0.08,-1.36,0.03,-0.08
194701,1.25,2.2,-0.73,0.03,-6.36
194702,-1.08,0.68,0.15,0.03,-0.52
194703,-1.67,-1.62,0.61,0.03,4.13
194704,-4.8,-3.96,0.85,0.03,4.99
194705,-0.97,-3.26,0.33,0.03,3.34
194706,5.29,-0.3,-0.59,0.03,-1.67
194707,4.14,1.43,2.82,0.03,-3.43
194708,-1.74,0.32,0.18,0.03,3.33
194709,-0.54,1.64,1.36,0.06,0.01
194710,2.47,0.51,0.07,0.06,1.57
194711,-1.97,-1.71,1.1,0.06,4.27
194712,3,-2.46,3.71,0.08,3.62
194801,-3.93,2.5,1.39,0.07,-4.3
194802,-4.38,-1.72,0.07,0.07,1.44
194803,8.07,0.14,4.5,0.09,-0.31
194804,3.65,-1.65,4.11,0.08,4.09
194805,7.3,0.91,-1.27,0.08,2.3
194806,-0.1,-1.82,2.81,0.09,4.08
194807,-5.09,-0.33,0.14,0.08,-1.55
194808,0.25,-1.11,0.28,0.09,0.23
194809,-2.97,-1.23,-1.71,0.04,-1.31
194810,5.96,-1.5,0.58,0.04,2.8
194811,-9.3,-0.6,-4.13,0.04,0.54
194812,3.26,-2.82,-1.94,0.04,4.63
194901,0.23,1.77,1.23,0.1,-2.9
194902,-2.93,-1.9,-0.86,0.09,-0.41
194903,4.04,2.5,1.29,0.1,-0.94
194904,-1.87,-0.89,-1.13,0.09,3.1
194905,-2.94,-0.79,-2.37,0.1,2.98
194906,0.1,-0.91,-1.65,0.1,-1.06
194907,5.54,0.55,0.36,0.09,-1.48
194908,2.6,0.13,-0.62,0.09,1.72
194909,3.09,1.06,0.24,0.09,-1.41
194910,3.14,1.04,-0.47,0.09,0.06
194911,1.82,-1.02,-0.97,0.08,1.22
194912,5.13,2.08,1.79,0.09,-0.78
195001,1.7,3.34,0.13,0.09,-2.34
195002,1.48,0.01,-0.81,0.09,1.39
195003,1.26,-1.43,-2.81,0.1,1.47
195004,3.94,2.01,1.37,0.09,0.41
195005,4.31,-2.12,0.45,0.1,0.37
195006,-5.94,-2.36,-0.73,0.1,-1.58
195007,1.36,0.69,13.56,0.1,-0.47
195008,4.85,0.76,-1.5,0.1,3.19
195009,4.81,0.49,-1.07,0.1,-0.17
195010,-0.18,-0.47,1.3,0.12,1.53
195011,2.76,-0.89,3.33,0.11,3.63
195012,5.54,1.47,7.36,0.11,4.99
195101,5.7,1.76,3.64,0.13,2
195102,1.41,0.08,-2.85,0.1,-1.55
195103,-2.15,-0.77,-4.1,0.11,-2.97
195104,4.86,-1.45,3.27,0.13,6.01
195105,-2.34,0,-1.37,0.12,-0.93
195106,-2.62,-2.06,-3.75,0.12,-2.38
195107,6.94,-1.99,2.06,0.13,7.27
195108,4.27,0.99,-0.13,0.13,1
195109,0.7,1.87,0.63,0.12,0.49
195110,-2.53,-0.22,0.23,0.16,-0.2
195111,0.57,-0.32,-0.06,0.11,0.57
195112,3.33,-2.26,-1.59,0.12,1.68
195201,1.45,-0.61,1.55,0.15,1.35
195202,-2.62,0.82,-0.61,0.12,-0.68
195203,4.44,-2.99,2.17,0.11,1.59
195204,-4.97,0.46,-0.1,0.12,-2.06
195205,3.2,-1,0.04,0.13,0.51
195206,3.83,-1.64,1.24,0.15,1.48
195207,0.91,-0.4,-0.35,0.15,-0.57
195208,-0.76,1.15,0.01,0.15,0.34
195209,-2.03,1.11,-1.52,0.16,1.7
195210,-0.66,-1.05,-0.46,0.14,2.82
195211,5.94,-0.72,0.97,0.1,0.48
195212,2.93,-1.48,0.19,0.16,1.59
195301,-0.34,3.61,1.32,0.16,0.71
195302,-0.27,2.15,-0.09,0.14,0.88
195303,-1.43,-0.22,-0.85,0.18,0.07
195304,-2.83,0.3,1.57,0.16,1.91
195305,0.52,-0.07,0.23,0.17,0.94
195306,-1.89,-1.87,-0.47,0.18,0
195307,2.4,-0.99,-0.22,0.15,-0.27
195308,-4.52,0.3,-3.54,0.17,2.12
195309,0.2,-0.82,-2.44,0.16,2.85
195310,4.6,-1.37,-0.24,0.13,0.21
195311,2.83,-1.32,-0.15,0.08,1.9
195312,0.03,-0.86,-2.82,0.13,5.21
195401,5.13,0.5,3.42,0.11,-5.83
195402,1.67,-0.2,-0.28,0.07,1.04
195403,3.65,-0.52,-1.5,0.08,2.04
195404,4.27,-3.42,-0.34,0.09,4.97
195405,3.09,0.41,2.46,0.05,-1.9
195406,1.07,0.39,0,0.06,3.51
195407,4.99,1.06,4.13,0.05,0.48
195408,-2.34,2.69,-1.38,0.05,-0.66
195409,6.39,-2.53,0.68,0.09,1.56
195410,-1.67,0.62,0.67,0.07,0.95
195411,9.38,-2.62,4.4,0.06,1.9
195412,5.48,2.12,5.66,0.08,-1.33
195501,0.6,0.36,2.14,0.08,1.36
195502,3.02,1.59,0.58,0.09,1.09
195503,-0.16,-0.74,1.97,0.1,1.04
195504,3.11,-1.62,0.68,0.1,0.07
195505,0.93,-0.28,-0.96,0.14,0.51
195506,6.55,-4.65,1.84,0.1,4.62
195507,1.9,-1.15,0.39,0.1,-1.2
195508,0.21,-0.44,0.72,0.16,1.79
195509,-0.36,0.28,-0.98,0.16,1.82
195510,-2.68,1.52,-0.11,0.18,-0.61
195511,7.03,-2.19,0.33,0.17,2.7
195512,1.49,2.11,-2.31,0.18,-1.35
195601,-3.03,0.41,0.93,0.22,-1.4
195602,3.77,-0.98,-0.39,0.19,1.96
195603,6.64,-2.11,-0.45,0.15,3.6
195604,0.28,0.04,-0.22,0.19,2.58
195605,-5.2,1.46,-1.34,0.23,-1.61
195606,3.48,-1.48,-1.1,0.2,2.73
195607,4.84,-1.68,-0.01,0.22,2.53
195608,-3.18,1.91,-0.78,0.17,-0.69
195609,-5.14,1.54,1.76,0.18,-0.75
195610,0.52,-0.11,-0.01,0.25,2.43
195611,0.36,-0.16,1.76,0.2,3.41
195612,3.16,-0.04,-2.08,0.24,3.82
195701,-3.58,3.32,2.79,0.27,-3.09
195702,-2.06,-0.64,-0.79,0.24,0.32
195703,2.13,0.31,-0.49,0.23,-0.18
195704,4.26,-1.6,-1.43,0.25,1
195705,3.45,-1.02,-2.12,0.26,0.48
195706,-0.74,0.54,0.03,0.24,0.79
195707,0.66,-0.76,0.43,0.3,-0.08
195708,-5.11,0.05,-0.41,0.25,0.47
195709,-5.98,0.08,0.92,0.26,0.53
195710,-4.32,-2.52,-1.8,0.29,1.95
195711,2.3,0.4,-2.87,0.28,1.27
195712,-3.91,-0.98,-1.62,0.24,7.82
195801,4.66,4.39,4.19,0.28,-7.62
195802,-1.52,0.65,0.33,0.12,3.73
195803,3.27,0.65,-0.97,0.09,-1.88
195804,3.09,-0.62,1.61,0.08,1.84
195805,2.31,2.16,-0.26,0.11,-1.8
195806,2.93,-0.19,0.4,0.03,-0.88
195807,4.39,0.48,3.1,0.07,-3.7
195808,1.91,1.18,0.38,0.04,0.21
195809,4.66,0.13,2.86,0.19,-1.1
195810,2.53,1.08,-1.23,0.18,3.15
195811,3.01,1.97,-1.2,0.11,1.58
195812,5.15,-2.03,0.03,0.22,-0.65
195901,0.71,3.02,2.93,0.21,-0.26
195902,0.95,1.46,1.15,0.19,3.45
195903,0.28,1.49,-0.35,0.22,0.16
195904,3.66,-0.6,-1.23,0.2,3.17
195905,1.73,-2.16,1.81,0.22,1.49
195906,-0.25,0.67,1.31,0.25,2.9
195907,3.17,-0.3,0.23,0.25,-0.3
195908,-1.39,-0.77,0.42,0.19,-1
195909,-4.8,-0.09,0.54,0.31,0.93
195910,1.28,1.45,-2.06,0.3,3.71
195911,1.6,1.24,-3.19,0.26,2.23
195912,2.45,-0.58,-0.06,0.34,1.03
196001,-6.98,2.08,2.73,0.33,-3.54
196002,1.17,0.51,-1.91,0.29,3.92
196003,-1.63,-0.48,-2.88,0.35,1.38
196004,-1.71,0.33,-2.26,0.19,2.84
196005,3.12,1.22,-3.64,0.27,4.79
196006,2.08,-0.19,-0.21,0.24,0.86
196007,-2.37,-0.47,1.96,0.13,-0.88
196008,3.01,0.85,-0.22,0.17,1.91
196009,-5.99,-1.09,1.6,0.16,0.32
196010,-0.71,-4.07,2.74,0.22,1.25
196011,4.69,0.37,-2.43,0.13,3.78
196012,4.71,-1.53,-0.8,0.16,1.41
196101,6.2,0.72,3.67,0.19,-4
196102,3.57,3.94,-0.65,0.14,0.98
196103,2.89,3.33,-0.74,0.2,4.54
196104,0.29,0.07,2.05,0.17,3.6
196105,2.4,1.99,0.43,0.18,-1.57
196106,-3.08,-2.48,-0.17,0.2,0.33
196107,2.83,-1.84,-0.18,0.18,0.27
196108,2.57,-1.77,-0.27,0.14,1.59
196109,-2.15,-1.05,-0.64,0.17,0.82
196110,2.57,-1.54,-0.01,0.19,3.11
196111,4.45,1.22,-1.17,0.15,1.35
196112,-0.18,-0.9,1.87,0.19,-2.21
196201,-3.87,1.82,5.07,0.24,-2.03
196202,1.81,-1.2,0.91,0.2,-1.01
196203,-0.68,0.48,-1.33,0.2,1.84
196204,-6.59,-0.69,0.02,0.22,2.91
196205,-8.65,-3.35,2.81,0.24,0.41
196206,-8.47,-0.63,2.6,0.2,6.46
196207,6.28,1.63,-3.57,0.27,0.68
196208,2.13,1.25,-1.21,0.23,-0.6
196209,-5.22,-2.48,1.34,0.21,3.95
196210,-0.05,-4.01,1.35,0.25,0.76
196211,10.87,2.59,0.99,0.2,-7.16
196212,1.01,-3.8,0.35,0.23,5.89
196301,4.93,3.12,2.17,0.25,-2.11
196302,-2.38,0.46,2.2,0.23,2.53
196303,3.08,-2.48,1.9,0.23,1.62
196304,4.51,-1.35,1,0.25,-0.09
196305,1.76,1.07,2.61,0.24,0.33
196306,-2,-0.29,0.77,0.23,1.21
196307,-0.39,-0.53,-0.89,0.27,0.97
196308,5.07,-0.89,1.68,0.25,1.01
196309,-1.57,-0.35,0.08,0.27,0.19
196310,2.53,-0.56,-0.14,0.29,3.12
196311,-0.85,-1.17,1.81,0.27,-0.74
196312,1.83,-2.11,-0.08,0.29,1.75
196401,2.24,-0.14,1.47,0.3,0.86
196402,1.54,0.13,2.74,0.26,0.26
196403,1.41,0.99,3.36,0.31,0.75
196404,0.1,-1.44,-0.58,0.29,-0.58
196405,1.42,-0.86,1.82,0.26,2.57
196406,1.27,-0.1,0.63,0.3,0.46
196407,1.74,0.22,0.75,0.3,-0.32
196408,-1.44,0.17,0.08,0.28,-0.22
196409,2.69,-0.53,1.7,0.28,-0.41
196410,0.59,0.44,1.17,0.29,0.08
196411,0,0.69,-1.96,0.29,1.03
196412,0.03,-0.36,-2.48,0.31,-0.74
196501,3.54,2.7,0.12,0.28,-1.44
196502,0.44,3.53,0.11,0.3,0.32
196503,-1.34,1.88,1.03,0.36,0.15
196504,3.11,1.15,0.66,0.31,2.63
196505,-0.77,0.13,-1.61,0.31,0.6
196506,-5.51,-4.35,0.59,0.35,-3.13
196507,1.43,0.87,2.14,0.31,4.12
196508,2.73,2.83,-1.02,0.33,2.58
196509,2.86,0.64,-0.12,0.31,3.3
196510,2.6,2.53,1.57,0.31,3.46
196511,-0.03,4.65,0.1,0.35,4.45
196512,1.01,2.06,2.02,0.33,0.12
196601,0.72,3.84,3.53,0.38,5.39
196602,-1.21,4.38,0.29,0.35,4.57
196603,-2.51,0.98,-2,0.38,1.42
196604,2.14,3.41,-0.47,0.34,6.28
196605,-5.66,-4.6,-1.61,0.41,-4.7
196606,-1.44,1.04,0.49,0.38,3.25
196607,-1.63,-0.43,0.99,0.35,-1.4
196608,-7.91,-3.29,0.44,0.41,-2.14
196609,-1.06,-1.04,0.51,0.4,-1.84
196610,3.86,-6.52,2.68,0.45,-5.26
196611,1.4,4.35,-4.77,0.4,5.72
196612,0.13,2.09,-1.32,0.4,1.06
196701,8.15,8.3,2.25,0.43,-6.93
196702,0.78,3.33,-2.18,0.36,3.52
196703,3.99,1.42,0.54,0.39,1.53
196704,3.89,0.62,-2.45,0.32,0.59
196705,-4.33,1.8,1.18,0.33,0.72
196706,2.41,5.91,0.85,0.27,6
196707,4.58,3.1,2.72,0.31,-1.03
196708,-0.89,0.39,1.52,0.31,-1.38
196709,3.11,3.02,-2.42,0.32,2.52
196710,-3.09,1.38,-3.22,0.39,3.67
196711,0.37,0.16,-1.69,0.36,1.26
196712,3.05,5.78,-0.63,0.33,3.25
196801,-4.06,3.89,4.84,0.4,-4.7
196802,-3.75,-2.96,1.33,0.39,-3.43
196803,0.2,-1.35,-0.59,0.38,3.23
196804,9.05,5.66,-1.17,0.43,5.09
196805,2.28,6.49,0.66,0.45,3.8
196806,0.69,-0.25,0.83,0.43,-1.9
196807,-2.72,-1.37,5.39,0.48,-0.88
196808,1.34,2.32,1,0.42,1.89
196809,4.03,2.81,0.3,0.43,-0.65
196810,0.42,-0.48,2.86,0.44,-1.46
196811,5.43,2.37,-0.93,0.42,1.75
196812,-3.94,3.4,-0.01,0.43,-0.01
196901,-1.25,-0.76,1.68,0.53,-0.17
196902,-5.84,-3.94,0.9,0.46,-2.36
196903,2.64,-0.26,-0.52,0.46,3.97
196904,1.46,-0.87,-0.03,0.53,1.13
196905,-0.1,-0.22,0.72,0.48,1.7
196906,-7.18,-5.41,-1.09,0.51,-2.3
196907,-7,-3.22,1.18,0.53,1.7
196908,4.68,0.89,-3.77,0.5,2.17
196909,-2.98,1.14,-3.19,0.62,2.52
196910,5.06,3.87,-3.1,0.6,-4.31
196911,-3.79,-2.58,-1.21,0.52,3.66
196912,-2.63,-3.72,-2.84,0.64,4.96
197001,-8.1,2.95,3.12,0.6,0.6
197002,5.13,-2.56,3.93,0.62,0.23
197003,-1.06,-2.3,3.99,0.57,-0.36
197004,-11,-6.12,6.17,0.5,-0.77
197005,-6.92,-4.56,3.32,0.53,-2.78
197006,-5.79,-2.14,0.6,0.58,5.7
197007,6.93,-0.5,0.91,0.52,-3.14
197008,4.49,1.53,1.27,0.53,-6.55
197009,4.18,8.59,-5.52,0.54,-8.8
197010,-2.28,-4.22,0.21,0.46,9.42
197011,4.6,-3.94,1.7,0.46,2.73
197012,5.72,2.92,0.99,0.42,-2.23
197101,4.84,7.38,1.48,0.38,-6.51
197102,1.41,1.86,-1.27,0.33,0.79
197103,4.13,2.61,-4.03,0.3,-1.41
197104,3.15,-0.48,0.81,0.28,1.41
197105,-3.98,-1.04,-1.41,0.29,0.86
197106,-0.1,-1.48,-1.94,0.37,2.73
197107,-4.5,-1.51,-0.01,0.4,-2.37
197108,3.79,-0.15,2.64,0.47,3.61
197109,-0.85,0.51,-2.91,0.37,2.12
197110,-4.42,-1.74,-0.48,0.37,0.47
197111,-0.46,-2.78,-1.7,0.37,1.51
197112,8.71,3.26,-0.41,0.37,-0.58
197201,2.49,5.88,2.27,0.29,0.17
197202,2.87,1.31,-2.77,0.25,2.54
197203,0.63,-0.27,-1.63,0.27,2.94
197204,0.29,0.08,0.1,0.29,2.81
197205,1.25,-2.73,-2.72,0.3,3.29
197206,-2.43,0.24,-2.49,0.29,1.9
197207,-0.8,-2.87,0.66,0.31,2.7
197208,3.26,-4.03,4.53,0.29,-5.4
197209,-1.14,-2.65,0.47,0.34,1.82
197210,0.52,-2.73,1.35,0.4,0.71
197211,4.6,-1.2,4.83,0.37,-5.09
197212,0.62,-1.95,-2.19,0.37,4.92
197301,-3.29,-3.49,2.68,0.44,3.73
197302,-4.85,-3.87,1.6,0.41,2.16
197303,-1.3,-2.82,2.62,0.46,3.59
197304,-5.68,-3.85,5.42,0.52,6.36
197305,-2.94,-6.3,0.41,0.51,7.14
197306,-1.57,-2.85,1.19,0.51,4.3
197307,5.05,7.97,-5.26,0.64,-11.57
197308,-3.82,-2.02,1.06,0.7,3.46
197309,4.75,2.93,2.24,0.68,-7
197310,-0.83,-0.28,1.6,0.65,6.87
197311,-12.75,-7.72,3.99,0.56,8.66
197312,0.61,-5.37,3.94,0.64,10.38
197401,-0.17,9.72,6,0.63,-8.85
197402,-0.47,-0.02,2.5,0.58,0.32
197403,-2.81,2.5,-0.12,0.56,-1.05
197404,-5.29,-0.74,0.87,0.75,2.11
197405,-4.68,-2.96,-2.07,0.75,-0.39
197406,-2.83,-0.17,0.79,0.6,2.31
197407,-8.05,0.84,5.17,0.7,3.09
197408,-9.35,-0.72,2.64,0.6,3
197409,-11.77,0.27,5.59,0.81,4.24
197410,16.1,-3.46,-9.88,0.51,-0.54
197411,-4.51,-1.22,-0.2,0.54,2.14
197412,-3.45,-4.83,0.11,0.7,2.92
197501,13.66,11.15,8.27,0.58,-13.82
197502,5.56,0.16,-4.44,0.43,-0.6
197503,2.66,3.78,2.39,0.41,-2.04
197504,4.23,-0.66,-1.13,0.44,1.38
197505,5.19,3.84,-4.1,0.44,-0.58
197506,4.83,0.86,1.4,0.41,0.02
197507,-6.59,2.7,1.69,0.48,0.45
197508,-2.85,-3.24,-0.94,0.48,-0.1
197509,-4.26,-0.1,0.43,0.53,0.41
197510,5.31,-4.01,0.27,0.56,-0.16
197511,2.64,-1.21,2.05,0.41,-0.45
197512,-1.6,-0.77,1.69,0.48,-0.11
197601,12.16,4.78,8.57,0.47,4.45
197602,0.32,7.04,5.82,0.34,0.38
197603,2.32,-1.18,-0.11,0.4,0.15
197604,-1.49,-0.11,-0.14,0.42,0.59
197605,-1.34,-1.23,-1.35,0.37,-1.12
197606,4.05,-1.3,0.69,0.43,-0.42
197607,-1.07,0.29,1.73,0.47,-0.13
197608,-0.56,-2,0.81,0.42,-0.85
197609,2.07,-0.02,-0.29,0.44,0.22
197610,-2.42,0.22,-0.18,0.41,-0.44
197611,0.36,2.32,1.51,0.4,2.89
197612,5.65,3.03,2.27,0.4,0.73
197701,-4.05,4.76,4.27,0.36,4.01
197702,-1.94,1.04,0.47,0.35,0.36
197703,-1.37,1,1.09,0.38,0.55
197704,0.15,-0.12,3.38,0.38,4.21
197705,-1.45,1.18,0.85,0.37,2.03
197706,4.71,2.09,-0.74,0.4,1.66
197707,-1.69,2.16,-0.57,0.42,0.36
197708,-1.75,1.49,-2.73,0.44,-1.7
197709,-0.27,1.33,-0.46,0.43,2
197710,-4.38,1.25,1.81,0.49,-0.08
197711,4,3.72,0.23,0.5,2.01
197712,0.27,1.32,-0.3,0.49,1.58
197801,-6.01,2.24,3.36,0.49,-0.66
197802,-1.38,3.59,0.83,0.46,1.97
197803,2.85,3.48,1.16,0.53,1.37
197804,7.88,0.44,-3.57,0.54,0.86
197805,1.76,4.56,-0.53,0.51,2.83
197806,-1.69,1.66,0.57,0.54,2.75
197807,5.11,0.25,-1.11,0.56,4.18
197808,3.75,5.06,-0.57,0.56,2.83
197809,-1.43,-0.43,1.86,0.62,-3.14
197810,-11.91,-9.89,1.39,0.68,-8.46
197811,2.71,3,-2.14,0.7,5.47
197812,0.88,1.29,-2.13,0.78,3.03
197901,4.23,3.62,2.2,0.77,-1.36
197902,-3.56,0.45,1.14,0.73,-1.06
197903,5.68,3.22,-0.73,0.81,2.93
197904,-0.06,2.18,1.08,0.8,0.81
197905,-2.21,0.19,1.32,0.82,-0.54
197906,3.85,1.16,1.39,0.81,0.84
197907,0.82,1.28,1.86,0.77,-1.07
197908,5.53,2.05,-1.58,0.77,-0.21
197909,-0.82,-0.27,-0.9,0.83,5.28
197910,-8.1,-3.37,-1.86,0.87,2.01
197911,5.21,2.87,-3.28,0.99,8.14
197912,1.79,4.17,-2.1,0.95,4.78
198001,5.51,1.62,1.75,0.8,7.55
198002,-1.22,-1.85,0.61,0.89,7.88
198003,-12.9,-6.64,-1.01,1.21,-9.55
198004,3.97,1.05,1.08,1.26,-0.43
198005,5.26,2.13,0.38,0.81,-1.12
198006,3.06,1.66,-0.76,0.61,1.62
198007,6.49,4.14,-6.41,0.53,0.35
198008,1.8,3.93,-2.61,0.64,3.21
198009,2.19,0.97,-4.58,0.75,5.39
198010,1.06,2.5,-2.79,0.95,7.3
198011,9.59,-3.36,-8.33,0.96,15.22
198012,-4.52,-0.26,2.79,1.31,-6.68
198101,-5.04,2.92,6.72,1.04,-7.95
198102,0.57,-0.34,1.02,1.07,-1.35
198103,3.56,3.54,0.64,1.21,0.74
198104,-2.11,4.4,2.28,1.08,-0.91
198105,0.11,2,-0.42,1.15,3.7
198106,-2.36,-0.83,5.13,1.35,-5.81
198107,-1.54,-2.18,-0.49,1.24,-2.45
198108,-7.04,-1.94,4.79,1.28,-1.15
198109,-7.17,-2.65,5.17,1.24,1.95
198110,4.92,2.23,-4.21,1.21,4.01
198111,3.36,-1.03,1.85,1.07,-0.27
198112,-3.65,1.2,0.82,0.87,1.3
198201,-3.24,-1.28,3.19,0.8,1.72
198202,-5.86,0.44,6.05,0.92,4.88
198203,-1.87,-0.21,3.83,0.98,2.96
198204,3.27,1.47,-2.7,1.13,-0.4
198205,-3.99,0.52,1.76,1.06,2.5
198206,-3.09,-0.4,1.55,0.96,4.96
198207,-3.19,0.83,0.09,1.05,4.44
198208,11.14,-4.13,0.93,0.76,-3.52
198209,1.29,2.96,0.27,0.51,4.19
198210,11.3,2.35,-3.67,0.59,0.18
198211,4.67,4.66,-1.85,0.63,5.94
198212,0.55,-0.25,0.01,0.67,0.04
198301,3.6,2.71,-0.71,0.69,-1.74
198302,2.59,3.28,0.7,0.62,3.78
198303,2.82,1.74,2.01,0.63,0.93
198304,6.67,0.49,0.51,0.71,1.72
198305,0.52,6.26,-1.42,0.69,-1.56
198306,3.07,0.95,-3.91,0.67,1.8
198307,-4.07,1.49,5.62,0.74,-3.11
198308,-0.5,-4.27,5.54,0.76,-5.43
198309,0.91,0.62,1.01,0.76,-0.03
198310,-3.44,-3.57,4.97,0.76,-4.52
198311,2.16,2.02,-0.73,0.7,-0.13
198312,-1.78,-0.27,1.7,0.73,0.84
198401,-1.92,-0.37,7.57,0.76,-2.56
198402,-4.82,-1.69,3.34,0.71,0.22
198403,0.63,0.07,0.47,0.73,1.07
198404,-0.51,-1.16,1.19,0.81,2.07
198405,-5.97,0.07,0.29,0.78,1.51
198406,1.82,-0.31,-2.66,0.75,-0.7
198407,-2.74,-2.21,0.33,0.82,2.83
198408,10.28,-0.24,-1.8,0.83,-5.59
198409,-0.8,0.18,5.23,0.86,3.62
198410,-0.84,-1.23,0.47,1,3.16
198411,-1.76,-0.63,4.04,0.73,1.64
198412,1.84,-0.56,-0.25,0.64,1.49
198501,7.99,3.3,-5.33,0.65,-6.82
198502,1.22,0.8,-0.1,0.58,1.88
198503,-0.84,-1.07,4.07,0.62,1.58
198504,-0.96,0.15,3.72,0.72,3.04
198505,5.09,-2.22,-0.94,0.66,3.99
198506,1.27,0.52,0.41,0.55,3.57
198507,-0.74,2.85,-1.6,0.62,-3.91
198508,-1.02,-0.31,2.28,0.55,1.85
198509,-4.54,-1.59,1.29,0.6,1.51
198510,4.02,-1.51,0.75,0.65,4.88
198511,6.48,0.25,-2.84,0.61,-0.47
198512,3.88,-0.51,-1.54,0.65,-0.23
198601,0.65,1.21,0.44,0.56,3
198602,7.13,-0.56,-0.77,0.53,2.76
198603,4.88,-0.58,-0.37,0.6,2.41
198604,-1.31,2.78,-2.86,0.52,-0.36
198605,4.62,-1.35,-0.21,0.49,2.05
198606,1.03,-0.95,1.3,0.52,5.07
198607,-6.45,-3.36,4.7,0.52,1.85
198608,6.07,-4.17,3.51,0.46,-5.28
198609,-8.6,2.36,3.22,0.45,-5.79
198610,4.66,-2.5,-1.42,0.46,4.46
198611,1.17,-1.91,-0.07,0.39,-0.26
198612,-3.27,0.13,0.36,0.49,0.35
198701,12.47,-1.81,-3.16,0.42,2.2
198702,4.39,3.49,-5.91,0.43,-2.07
198703,1.64,0.45,1.61,0.47,1.68
198704,-2.11,-1.69,-0.39,0.44,0.22
198705,0.11,-0.5,0.23,0.38,-0.74
198706,3.94,-2.12,1.04,0.48,-0.25
198707,3.85,-0.66,0.73,0.46,2.66
198708,3.52,-0.77,-0.95,0.47,-0.86
198709,-2.59,0.56,0.3,0.45,0.77
198710,-23.24,-8.4,4.23,0.6,-7.86
198711,-7.77,2.75,2.96,0.35,-1.17
198712,6.81,0.12,-4.39,0.39,5.87
198801,4.21,-0.76,4.95,0.29,-7.27
198802,4.75,3.34,-1.69,0.46,-1.47
198803,-2.27,6.14,0.74,0.44,0.58
198804,0.56,0.98,1.63,0.46,2.24
198805,-0.29,-2.61,2.42,0.51,0.63
198806,4.79,2.1,-1.22,0.49,-2.93
198807,-1.25,-0.26,2.17,0.51,0.65
198808,-3.31,0.04,2.1,0.59,0.35
198809,3.3,-1.3,-0.75,0.62,0.27
198810,1.15,-2.92,1.69,0.61,1.33
198811,-2.29,-1.71,1.3,0.57,0.33
198812,1.49,1.97,-1.61,0.63,0.49
198901,6.1,-2.22,0.62,0.55,-0.16
198902,-2.25,2.82,0.93,0.61,0.99
198903,1.57,0.67,0.54,0.67,3.51
198904,4.33,-0.68,-1.4,0.67,1.77
198905,3.35,-0.05,-0.87,0.79,1.52
198906,-1.35,-1.02,2.23,0.71,0.43
198907,7.2,-4.16,-2.79,0.7,5.39
198908,1.44,0.56,0.6,0.74,-0.12
198909,-0.76,0.32,-1.27,0.65,3.4
198910,-3.67,-3.24,-1.11,0.68,1.32
198911,1.03,-1.24,-1.09,0.69,2.6
198912,1.16,-2.37,0.16,0.61,2.8
199001,-7.85,-1.25,0.85,0.57,-3.27
199002,1.11,0.97,0.64,0.57,-0.54
199003,1.83,1.46,-2.92,0.64,1.8
199004,-3.36,-0.45,-2.59,0.69,2.39
199005,8.42,-2.56,-3.83,0.68,3.03
199006,-1.09,1.36,-1.93,0.63,2.4
199007,-1.9,-3.09,-0.04,0.68,6.14
199008,-10.15,-3.56,1.6,0.66,1.88
199009,-6.12,-3.67,0.61,0.6,5.78
199010,-1.92,-5.53,0,0.68,6.71
199011,6.35,0.45,-2.97,0.57,-5.48
199012,2.46,0.82,-1.63,0.6,0.29
199101,4.69,3.83,-1.57,0.52,-6.45
199102,7.19,3.99,-0.63,0.48,-4.61
199103,2.65,3.9,-1.3,0.44,2.87
199104,-0.28,0.48,1.45,0.53,-2.36
199105,3.65,-0.4,-0.49,0.47,-0.11
199106,-4.94,0.15,1.07,0.42,0.47
199107,4.24,-0.91,-1.32,0.49,4.24
199108,2.32,1.59,-0.78,0.46,1.57
199109,-1.59,1.64,-1.07,0.46,1.79
199110,1.29,0.81,-0.46,0.42,3.06
199111,-4.19,-0.5,-1.88,0.39,1.14
199112,10.84,-2.24,-4.18,0.38,8.19
199201,-0.59,8.46,4.7,0.34,-2.49
199202,1.09,0.87,6.47,0.28,-0.53
199203,-2.66,-1.04,3.55,0.34,-0.29
199204,1.07,-6.06,4.32,0.32,-2.58
199205,0.3,0.41,1.19,0.28,0.21
199206,-2.34,-3.07,3.25,0.32,-0.58
199207,3.77,-0.51,-0.55,0.31,1.59
199208,-2.38,-0.14,-1.08,0.26,-0.51
199209,1.19,0.49,-0.23,0.26,1.5
199210,1.02,2.1,-1.98,0.23,2.48
199211,4.13,3.79,-1.42,0.23,-0.15
199212,1.53,1.67,2.65,0.28,4.31
199301,0.93,1.85,5.95,0.23,4.84
199302,0.12,-3.49,6.44,0.22,3.14
199303,2.3,0.23,1.19,0.25,3.73
199304,-3.05,-0.68,2.48,0.24,0.38
199305,2.89,2.08,-3.5,0.22,0.22
199306,0.31,-0.26,2.72,0.25,4.55
199307,-0.34,0.9,2.82,0.24,3.19
199308,3.71,0.14,0.14,0.25,2.65
199309,-0.12,2.98,-0.35,0.26,3.37
199310,1.41,2.03,-2.78,0.22,-2.72
199311,-1.89,-1.13,-0.66,0.25,-4.74
199312,1.65,1.2,0.27,0.23,2.36
199401,2.87,0.51,1.28,0.25,0
199402,-2.55,2.8,-1.56,0.21,-0.3
199403,-4.78,-1.14,1.55,0.27,-1.27
199404,0.68,-0.92,1.66,0.27,0.39
199405,0.58,-2.12,0.7,0.31,-2.19
199406,-3.03,-0.4,1.67,0.31,-0.87
199407,2.82,-1.76,0.57,0.28,0.1
199408,4.01,1.43,-2.5,0.37,1.55
199409,-2.31,3.11,-1.84,0.37,1.31
199410,1.34,-2.26,-1.63,0.38,1.49
199411,-4.04,0.31,-0.73,0.37,-0.18
199412,0.86,0.19,-0.09,0.44,3.48
199501,1.8,-3.44,2.51,0.42,-1.81
199502,3.63,-0.66,1.09,0.4,-0.39
199503,2.19,-0.21,-2.08,0.46,0.43
199504,2.11,-0.49,1.7,0.44,1.79
199505,2.9,-2.52,2.27,0.54,-0.42
199506,2.72,3.15,-2.54,0.47,2.93
199507,3.72,2.06,-1.59,0.45,2.57
199508,0.55,1.36,2.81,0.47,0.16
199509,3.35,-2.2,-0.05,0.43,2.9
199510,-1.52,-3.8,-0.51,0.47,4.16
199511,3.96,-1.11,0.58,0.42,-0.68
199512,1.03,0.72,0.18,0.49,2.52
199601,2.26,-2.73,0.4,0.43,0.54
199602,1.33,1.78,-1.07,0.39,0.59
199603,0.73,1.51,0.36,0.39,-1.84
199604,2.06,5.22,-4.05,0.46,-0.88
199605,2.36,3.18,-0.89,0.42,1.54
199606,-1.14,-3.99,2.38,0.4,0.98
199607,-5.97,-4.31,5.14,0.45,-0.17
199608,2.77,2.46,-0.74,0.41,0.01
199609,5.01,-0.98,-2.7,0.44,2.7
199610,0.86,-4.44,4.94,0.42,3.79
199611,6.25,-4.05,1.39,0.41,-2.37
199612,-1.7,3.17,1.32,0.46,0.63
199701,4.99,-1.94,-1.46,0.45,1.96
199702,-0.49,-3.2,5.69,0.39,-2.13
199703,-5.03,-0.35,3.4,0.43,0.9
199704,4.04,-5.78,0.07,0.43,4.84
199705,6.74,5.19,-4.12,0.49,-5.17
199706,4.1,1.24,1.59,0.37,2.6
199707,7.33,-2.73,0.29,0.43,3.79
199708,-4.15,7.31,1.2,0.41,-2.56
199709,5.35,2.53,0.38,0.44,1.47
199710,-3.8,-0.77,2.25,0.42,-0.57
199711,2.98,-5.13,1.19,0.39,0.33
199712,1.32,-2.47,3.86,0.48,3.98
199801,0.15,-1.06,-1.59,0.43,0.14
199802,7.04,0.34,-0.85,0.39,-1.12
199803,4.76,-1.11,1.41,0.39,2.15
199804,0.73,0.02,0.9,0.43,0.74
199805,-3.07,-3.35,3.4,0.4,1.82
199806,3.18,-3.23,-1.96,0.41,7.28
199807,-2.46,-4.91,-1.76,0.4,3.73
199808,-16.08,-5.68,3.6,0.43,1.84
199809,6.15,0.1,-3.37,0.46,-0.81
199810,7.13,-3.12,-2.29,0.32,-5.37
199811,6.1,1.2,-3.23,0.31,1.2
199812,6.16,-0.51,-4.18,0.38,8.92
199901,3.5,0.78,-4.62,0.35,3.03
199902,-4.08,-6.06,1.88,0.35,-0.1
199903,3.45,-3.77,-2.77,0.43,-1.27
199904,4.33,3.95,2.41,0.37,-9.04
199905,-2.46,3.37,2.3,0.34,-5.19
199906,4.77,3.14,-3.27,0.4,5.06
199907,-3.49,2.6,-0.42,0.38,1.66
199908,-1.38,-0.94,-1.84,0.39,3.12
199909,-2.79,3.44,-3.48,0.39,6.47
199910,6.12,-6.61,-3.37,0.39,5.5
199911,3.37,7.22,-6.16,0.36,5.64
199912,7.72,6.99,-8.32,0.44,13.22
200001,-4.74,5.79,-1.89,0.41,1.92
200002,2.45,21.48,-9.81,0.43,18.2
200003,5.2,-17.29,8.23,0.47,-6.83
200004,-6.4,-6.63,7.25,0.46,-8.39
200005,-4.42,-6.11,4.83,0.5,-8.98
200006,4.64,12.8,-8.41,0.4,16.61
200007,-2.51,-3.08,8.33,0.48,-0.1
200008,7.03,-0.63,-1.37,0.5,5.73
200009,-5.45,-1.73,7.17,0.51,1.97
200010,-2.76,-3.93,5.64,0.56,-4.48
200011,-10.72,-3.39,12.34,0.51,-2.32
200012,1.19,0.73,7.6,0.5,6.74
200101,3.13,6.68,-5.11,0.54,-25.3
200102,-10.05,-0.74,12.48,0.38,12.57
200103,-7.26,0.27,6.43,0.42,8.55
200104,7.94,0.56,-4.7,0.39,-7.9
200105,0.72,2.5,3.36,0.32,2.21
200106,-1.94,6.27,-1.13,0.28,0.38
200107,-2.13,-4.19,5.21,0.3,5.58
200108,-6.46,2.48,2.3,0.31,5.53
200109,-9.25,-6.25,1.46,0.28,11.48
200110,2.46,7.49,-7.66,0.22,-8.47
200111,7.54,-0.47,2.22,0.17,-8.69
200112,1.6,4.73,0.85,0.15,0.07
200201,-1.44,1.19,3.44,0.14,3.75
200202,-2.29,-1,2.16,0.13,6.82
200203,4.24,4.21,1.07,0.13,-1.64
200204,-5.2,5.96,3.88,0.15,7.63
200205,-1.38,-3.21,1.53,0.14,3.16
200206,-7.21,4.28,-0.03,0.13,6.03
200207,-8.18,-5.26,-3.87,0.15,3.74
200208,0.5,-2.87,3.31,0.14,1.9
200209,-10.35,2.43,1.44,0.14,9.13
200210,7.84,-3.41,-3.95,0.14,-5.58
200211,5.96,3.23,-1.27,0.12,-16.33
200212,-5.76,0.11,2.13,0.11,9.64
200301,-2.57,1.3,-0.73,0.1,1.55
200302,-1.88,-0.46,-1.38,0.09,1.17
200303,1.09,1.04,-1.93,0.1,1.48
200304,8.22,0.67,1.17,0.1,-9.33
200305,6.05,4.71,0.53,0.09,-10.7
200306,1.42,1.74,0.19,0.1,-1
200307,2.35,5.11,-1.19,0.07,-0.32
200308,2.34,2.62,1.54,0.07,-0.62
200309,-1.24,0.8,0.1,0.08,-0.19
200310,6.08,2.63,1.92,0.07,3.99
200311,1.35,2,1.81,0.07,1.46
200312,4.29,-2.71,1.6,0.08,-5.57
200401,2.15,2.54,2.46,0.07,2.58
200402,1.4,-1.52,0.87,0.06,-1.14
200403,-1.32,1.75,0.23,0.09,0.17
200404,-1.83,-1.74,-3.02,0.08,-5.38
200405,1.17,-0.25,-0.23,0.06,1.5
200406,1.86,2.28,1.23,0.08,2.05
200407,-4.06,-3.8,3.22,0.1,-2.28
200408,0.08,-1.49,1,0.11,-1.59
200409,1.6,3.02,-0.02,0.11,5.49
200410,1.43,0.15,-0.25,0.11,-1.38
200411,4.54,3.73,1.45,0.15,3.16
200412,3.43,-0.03,-0.21,0.16,-2.87
200501,-2.76,-1.72,2.07,0.16,3.05
200502,1.89,-0.57,1.54,0.16,3.37
200503,-1.97,-1.4,2.05,0.21,0.41
200504,-2.61,-3.93,0.05,0.21,-0.69
200505,3.65,2.88,-0.59,0.24,0.45
200506,0.57,2.59,2.81,0.23,2.05
200507,3.92,2.9,-0.78,0.24,0.06
200508,-1.22,-0.98,1.34,0.3,2.08
200509,0.49,-0.67,0.69,0.29,3.43
200510,-2.02,-1.23,0.41,0.27,-1.39
200511,3.61,0.99,-1.2,0.31,0.35
200512,-0.25,-0.41,0.22,0.32,0.77
200601,3.04,5.42,1.09,0.35,2.53
200602,-0.3,-0.4,-0.37,0.34,-1.84
200603,1.46,3.45,0.55,0.37,1.26
200604,0.73,-1.43,2.34,0.36,0.61
200605,-3.57,-2.98,2.39,0.43,-3.7
200606,-0.35,-0.38,0.8,0.4,1.54
200607,-0.78,-3.99,2.62,0.4,-2.13
200608,2.03,1.01,-2.04,0.42,-3.38
200609,1.84,-1.34,0.06,0.41,-0.96
200610,3.23,1.72,-0.26,0.41,-0.2
200611,1.71,0.72,0.11,0.42,-1.03
200612,0.87,-1.13,2.71,0.4,0.79
200701,1.4,0.14,-0.7,0.44,0.24
200702,-1.96,1.18,-0.12,0.38,-1.35
200703,0.68,0.15,-0.94,0.43,2.56
200704,3.49,-2.17,-1.43,0.44,-0.24
200705,3.24,0.23,-0.62,0.41,-0.34
200706,-1.96,0.76,-1.07,0.4,0.51
200707,-3.73,-2.61,-3.73,0.4,2.94
200708,0.92,-0.14,-1.89,0.42,0.1
200709,3.22,-2.22,-2.23,0.32,4.63
200710,1.8,0.12,-3.11,0.32,5.02
200711,-4.83,-2.93,-0.94,0.34,0.99
200712,-0.87,0.16,-0.52,0.27,6.63
200801,-6.36,-0.98,4.01,0.21,-7.75
200802,-3.09,-0.41,-0.84,0.13,6.1
200803,-0.93,0.77,0.35,0.17,4.27
200804,4.6,-1.72,-1.09,0.18,-0.31
200805,1.86,2.95,-1.53,0.18,3.31
200806,-8.44,1.24,-2.7,0.17,12.75
200807,-0.77,2.56,5.27,0.15,-5.07
200808,1.53,3.5,1.48,0.13,-4.02
200809,-9.24,-1.24,5.9,0.15,0.28
200810,-17.23,-2.52,-2.22,0.08,7.85
200811,-7.86,-2.87,-6.3,0.03,7.17
200812,1.74,3.49,0.07,0,-5.09
200901,-8.12,0.18,-11.11,0,-2.18
200902,-10.1,0.13,-6.91,0.01,4.41
200903,8.95,0,3.34,0.02,-11.87
200904,10.18,5.28,5.26,0.01,-34.3
200905,5.21,-2.52,0.37,0,-12.49
200906,0.43,2.66,-2.72,0.01,5.48
200907,7.72,1.87,4.84,0.01,-5.58
200908,3.33,-1.08,7.63,0.01,-9.07
200909,4.08,2.43,1.04,0.01,-4.79
200910,-2.59,-4.34,-4.2,0,2.61
200911,5.56,-2.39,-0.33,0,0.3
200912,2.75,6.04,-0.17,0.01,3.02
201001,-3.36,0.4,0.43,0,-5.4
201002,3.4,1.19,3.22,0,3.74
201003,6.31,1.48,2.21,0.01,3.76
201004,2,4.87,2.89,0.01,3.16
201005,-7.89,0.09,-2.44,0.01,-0.25
201006,-5.57,-1.81,-4.7,0.01,-2.76
201007,6.93,0.24,-0.3,0.01,1.83
201008,-4.77,-2.95,-1.96,0.01,-0.06
201009,9.54,3.96,-3.17,0.01,1.41
201010,3.88,1.21,-2.49,0.01,1.58
201011,0.6,3.77,-0.88,0.01,2.66
201012,6.82,0.67,3.78,0.01,-3.03
201101,1.99,-2.44,0.77,0.01,-0.29
201102,3.49,1.47,1.24,0.01,1.99
201103,0.46,2.56,-1.88,0.01,3.4
201104,2.9,-0.32,-2.48,0,0.04
201105,-1.27,-0.65,-2,0,-0.62
201106,-1.75,-0.14,-0.38,0,1.78
201107,-2.35,-1.29,-0.91,0,0.16
201108,-5.99,-3.07,-2.4,0.01,-0.28
201109,-7.59,-3.33,-1.75,0,-2.42
201110,11.35,3.3,0.12,0,-1.43
201111,-0.28,-0.17,-0.46,0,3.85
201112,0.74,-0.6,1.61,0,1.81
201201,5.05,2.06,-0.94,0,-7.93
201202,4.42,-1.86,0.43,0,-0.29
201203,3.11,-0.66,1.12,0,1.3
201204,-0.85,-0.41,-0.77,0,3.75
201205,-6.19,0.09,-1.06,0.01,6.49
201206,3.89,0.64,0.59,0,-1.06
201207,0.79,-2.72,-0.12,0,3.02
201208,2.55,0.48,1.3,0.01,-2.37
201209,2.73,0.54,1.58,0.01,-1.14
201210,-1.76,-1.17,3.56,0.01,0.14
201211,0.78,0.61,-0.83,0.01,0.49
201212,1.18,1.52,3.53,0.01,-2.86
201301,5.57,0.31,0.95,0,-1.79
201302,1.29,-0.33,0.1,0,1.29
201303,4.03,0.83,-0.23,0,1.92
201304,1.55,-2.36,0.5,0,0.22
201305,2.8,1.72,2.67,0,-2.02
201306,-1.2,1.32,0.05,0,0.52
201307,5.65,1.87,0.57,0,1.75
201308,-2.71,0.26,-2.68,0,0.02
201309,3.77,2.9,-1.23,0,3.07
201310,4.18,-1.56,1.26,0,0.08
201311,3.13,1.29,0.28,0,0.44
201312,2.81,-0.46,-0.01,0,0.02
201401,-3.32,0.92,-2.02,0,1.71
201402,4.65,0.37,-0.31,0,2.07
201403,0.43,-1.87,4.92,0,-3.29
201404,-0.19,-4.2,1.14,0,-3.89
201405,2.06,-1.89,-0.13,0,0.88
201406,2.61,3.09,-0.69,0,0.69
201407,-2.04,-4.28,0.02,0,-0.16
201408,4.24,0.38,-0.43,0,0.82
201409,-1.97,-3.72,-1.35,0,0.5
201410,2.52,4.22,-1.83,0,-0.06
201411,2.55,-2.05,-3.09,0,0.69
201412,-0.06,2.49,2.27,0,1.12
201501,-3.11,-0.54,-3.61,0,3.84
201502,6.13,0.6,-1.86,0,-2.82
201503,-1.12,3.07,-0.41,0,2.74
201504,0.59,-3.04,1.83,0,-7.27
201505,1.36,0.92,-1.12,0,5.81
201506,-1.53,2.9,-0.78,0,3.01
201507,1.54,-4.2,-4.07,0,10
201508,-6.04,0.36,2.8,0,-2.09
201509,-3.07,-2.63,0.58,0,5.22
201510,7.75,-1.87,-0.45,0,-3.28
201511,0.56,3.6,-0.38,0,2.28
201512,-2.17,-2.81,-2.59,0.01,3.35
201601,-5.77,-3.39,2.07,0.01,1.44
201602,-0.08,0.81,-0.57,0.02,-4.38
201603,6.96,0.75,1.1,0.02,-5.01
201604,0.92,0.67,3.21,0.01,-6.02
201605,1.78,-0.19,-1.65,0.01,1.42
201606,-0.05,0.59,-1.45,0.02,4.13
201607,3.95,2.51,-1.29,0.02,-3.34
201608,0.5,1.17,3.11,0.02,-3.49
201609,0.25,2.13,-1.21,0.02,0.19
201610,-2.02,-4.41,4.12,0.02,0.6
201611,4.86,5.67,8.21,0.01,-4.62
201612,1.81,0.09,3.6,0.03,-0.26
201701,1.94,-1.13,-2.74,0.04,-0.93
201702,3.57,-2.04,-1.67,0.04,-1.65
201703,0.17,1.13,-3.33,0.03,-1.02
201704,1.09,0.72,-2.13,0.05,0.48
201705,1.06,-2.52,-3.75,0.06,1.48
201706,0.78,2.23,1.49,0.06,-0.09
201707,1.87,-1.46,-0.22,0.07,1.62
201708,0.16,-1.65,-2.07,0.09,3.26
201709,2.51,4.45,3.09,0.09,-1.32
201710,2.25,-1.93,0.22,0.09,4.27
201711,3.12,-0.56,-0.05,0.08,-0.87
201712,1.06,-1.32,0.03,0.09,-1.54
201801,5.58,-3.18,-1.36,0.11,4.05
201802,-3.65,0.26,-1.03,0.11,3.58
201803,-2.35,4.06,-0.23,0.12,-1.13
201804,0.29,1.1,0.48,0.14,0.36
201805,2.65,5.31,-3.13,0.14,3.89
201806,0.48,1.13,-2.33,0.14,-2.35
201807,3.19,-2.25,0.45,0.16,-1.41
201808,3.44,1.14,-3.98,0.16,5.29
201809,0.06,-2.3,-1.7,0.15,0.04
201810,-7.68,-4.82,3.43,0.19,-2
201811,1.69,-0.68,0.26,0.18,-1.37
201812,-9.55,-2.42,-1.9,0.19,2.11
201901,8.41,2.9,-0.44,0.21,-8.68
201902,3.4,2.04,-2.68,0.18,0.86
201903,1.1,-2.98,-4.05,0.19,2.21
201904,3.96,-1.74,2.17,0.21,-2.97
201905,-6.94,-1.34,-2.37,0.21,7.56
201906,6.93,0.25,-0.71,0.18,-2.3
201907,1.19,-1.94,0.42,0.19,2.75
201908,-2.58,-2.32,-4.95,0.16,6.92
201909,1.43,-0.97,6.83,0.18,-6.81
201910,2.06,0.28,-1.93,0.15,0.15
201911,3.87,0.8,-2.02,0.12,-2.66
201912,2.77,0.72,1.79,0.14,-1.77
202001,-0.11,-3.13,-6.24,0.13,5.98
202002,-8.13,1.03,-3.79,0.12,-0.4
202003,-13.38,-4.89,-14.02,0.12,7.97
202004,13.65,2.47,-1.18,0,-5.23
202005,5.58,2.45,-4.8,0.01,0.42
202006,2.46,2.69,-2.04,0.01,-0.73
202007,5.77,-2.27,-1.46,0.01,7.64
202008,7.63,-0.22,-2.93,0.01,0.55
202009,-3.63,-0.04,-2.66,0.01,3.14
202010,-2.1,4.39,4.19,0.01,-3.04
202011,12.47,5.74,1.99,0.01,-12.43
202012,4.63,4.83,-1.56,0.01,-2.32
202101,-0.03,7.18,2.94,0,4.5
202102,2.78,1.97,7.2,0,-7.89
202103,3.08,-2.37,7.32,0,-6.14
202104,4.93,-3.13,-0.99,0,1.1
202105,0.29,-0.24,7.03,0,0.88
202106,2.75,1.75,-7.81,0,2.19
202107,1.27,-3.96,-1.75,0,-2.28
202108,2.9,-0.48,-0.13,0,2.52
202109,-4.37,0.8,5.09,0,1.53
202110,6.65,-2.28,-0.44,0,3.19
202111,-1.55,-1.35,-0.53,0,0.89
202112,3.1,-1.57,3.23,0.01,-2.6
202201,-6.24,-5.87,12.79,0,-2.5
202202,-2.29,2.19,3.12,0,1.73
,,,,,2.97
