date,Mkt-RF,SMB,HML,RMW,CMA,RF,MOM
196307,-0.39,-0.44,-0.89,0.68,-1.23,0.27,0.97
196308,5.07,-0.75,1.68,0.36,-0.34,0.25,1.01
196309,-1.57,-0.55,0.08,-0.71,0.29,0.27,0.19
196310,2.53,-1.37,-0.14,2.8,-2.02,0.29,3.12
196311,-0.85,-0.89,1.81,-0.51,2.31,0.27,-0.74
196312,1.83,-2.07,-0.08,0.03,-0.04,0.29,1.75
196401,2.24,0.11,1.47,0.17,1.51,0.3,0.86
196402,1.54,0.3,2.74,-0.05,0.9,0.26,0.26
196403,1.41,1.36,3.36,-2.21,3.19,0.31,0.75
196404,0.1,-1.59,-0.58,-1.27,-1.04,0.29,-0.58
196405,1.42,-0.64,1.82,-0.16,0.14,0.26,2.57
196406,1.27,0.31,0.63,-0.28,-0.15,0.3,0.46
196407,1.74,0.47,0.75,0.04,1.94,0.3,-0.32
196408,-1.44,0.42,0.08,0.15,0.33,0.28,-0.22
196409,2.69,-0.33,1.7,-0.54,0.61,0.28,-0.41
196410,0.59,0.91,1.17,-0.38,0.43,0.29,0.08
196411,0,-0.15,-1.96,0.62,-0.26,0.29,1.03
196412,0.03,-0.7,-2.48,1.04,-1.48,0.31,-0.74
196501,3.54,2.44,0.12,0.89,0.1,0.28,-1.44
196502,0.44,3.29,0.11,0.2,-0.65,0.3,0.32
196503,-1.34,2.11,1.03,-0.36,0.72,0.36,0.15
196504,3.11,1.11,0.66,0.41,-2.27,0.31,2.63
196505,-0.77,0.13,-1.61,-0.4,0.5,0.31,0.6
196506,-5.51,-4.28,0.59,0.21,0.37,0.35,-3.13
196507,1.43,1.07,2.14,-1.37,0.03,0.31,4.12
196508,2.73,2.71,-1.02,1.9,-0.74,0.33,2.58
196509,2.86,0.62,-0.12,-0.89,0.8,0.31,3.3
196510,2.6,3.47,1.57,1.17,-0.65,0.31,3.46
196511,-0.03,5.18,0.1,-1.01,-0.94,0.35,4.45
196512,1.01,2.66,2.02,-1.14,-0.53,0.33,0.12
196601,0.72,4.67,3.53,-2.82,-0.11,0.38,5.39
196602,-1.21,4.71,0.29,-0.17,-1.49,0.35,4.57
196603,-2.51,0.32,-2,1.3,0.06,0.38,1.42
196604,2.14,3.34,-0.47,0.39,-0.95,0.34,6.28
196605,-5.66,-5.1,-1.61,1.64,-1.52,0.41,-4.7
196606,-1.44,1.37,0.49,0.15,0.78,0.38,3.25
196607,-1.63,-0.48,0.99,-0.4,1.82,0.35,-1.4
196608,-7.91,-3.14,0.44,-0.12,0.79,0.41,-2.14
196609,-1.06,-1.14,0.51,-1.79,2.33,0.4,-1.84
196610,3.86,-6.45,2.68,-3.48,4.24,0.45,-5.26
196611,1.4,3.47,-4.77,4.15,-6.69,0.4,5.72
196612,0.13,2.16,-1.32,0.64,-0.45,0.4,1.06
196701,8.15,9.07,2.25,0.93,-3.13,0.43,-6.93
196702,0.78,3.05,-2.18,2.05,-0.96,0.36,3.52
196703,3.99,1.73,0.54,0.98,-1.45,0.39,1.53
196704,3.89,0.42,-2.45,2.38,-3.64,0.32,0.59
196705,-4.33,2.19,1.18,-1.7,1.81,0.33,0.72
196706,2.41,6.41,0.85,-0.64,-2.41,0.27,6
196707,4.58,3.52,2.72,0.52,2.7,0.31,-1.03
196708,-0.89,0.67,1.52,0.36,1.45,0.31,-1.38
196709,3.11,2.42,-2.42,0.23,-0.95,0.32,2.52
196710,-3.09,0.47,-3.22,1.07,-2.62,0.39,3.67
196711,0.37,-0.06,-1.69,1.35,-2.34,0.36,1.26
196712,3.05,5.78,-0.63,-0.82,0.13,0.33,3.25
196801,-4.06,4.48,4.84,-4.59,6.46,0.4,-4.7
196802,-3.75,-2.92,1.33,-0.14,2.45,0.39,-3.43
196803,0.2,-1.6,-0.59,1.06,-1.1,0.38,3.23
196804,9.05,6.18,-1.17,2.7,-3.65,0.43,5.09
196805,2.28,7.1,0.66,0.31,-1.92,0.45,3.8
196806,0.69,-0.36,0.83,-1.31,2.76,0.43,-1.9
196807,-2.72,-1.42,5.39,-3.14,3.64,0.48,-0.88
196808,1.34,2.26,1,-0.7,0.45,0.42,1.89
196809,4.03,2.84,0.3,-1.99,0.88,0.43,-0.65
196810,0.42,-0.38,2.86,-1.32,2.53,0.44,-1.46
196811,5.43,2.41,-0.93,0.43,-2.26,0.42,1.75
196812,-3.94,3.56,-0.01,-1.86,1.7,0.43,-0.01
196901,-1.25,-0.45,1.68,-1.55,1.37,0.53,-0.17
196902,-5.84,-4.17,0.9,2.07,0.78,0.46,-2.36
196903,2.64,-0.42,-0.52,-1.42,-0.46,0.46,3.97
196904,1.46,-0.83,-0.03,0.41,0.23,0.53,1.13
196905,-0.1,-0.11,0.72,-0.95,1.25,0.48,1.7
196906,-7.18,-5.5,-1.09,4.32,-1.53,0.51,-2.3
196907,-7,-3.39,1.18,1.45,1.93,0.53,1.7
196908,4.68,0.66,-3.77,1.17,-4.04,0.5,2.17
196909,-2.98,1.24,-3.19,3.45,-0.77,0.62,2.52
196910,5.06,3.91,-3.1,0.12,-2.14,0.6,-4.31
196911,-3.79,-2.45,-1.21,1.45,0.28,0.52,3.66
196912,-2.63,-3.77,-2.84,2.54,-1.78,0.64,4.96
197001,-8.1,3.13,3.12,-1.71,3.85,0.6,0.6
197002,5.13,-2.74,3.93,-2.32,2.74,0.62,0.23
197003,-1.06,-2.4,3.99,-1.01,4.32,0.57,-0.36
197004,-11,-6.37,6.17,-0.69,6.26,0.5,-0.77
197005,-6.92,-4.45,3.32,-1.25,3.92,0.53,-2.78
197006,-5.79,-2.21,0.6,0.13,2.97,0.58,5.7
197007,6.93,-0.62,0.91,-0.25,1.81,0.52,-3.14
197008,4.49,1.53,1.27,0.56,-0.19,0.53,-6.55
197009,4.18,8.5,-5.52,0.3,-5.84,0.54,-8.8
197010,-2.28,-4.43,0.21,1.71,2.32,0.46,9.42
197011,4.6,-3.86,1.7,1.56,1.48,0.46,2.73
197012,5.72,2.93,0.99,0.24,0.29,0.42,-2.23
197101,4.84,7.54,1.48,-1.99,0.06,0.38,-6.51
197102,1.41,2.04,-1.27,0.58,-0.69,0.33,0.79
197103,4.13,2.26,-4.03,1.83,-2.7,0.3,-1.41
197104,3.15,-0.35,0.81,-1.46,0.89,0.28,1.41
197105,-3.98,-1.11,-1.41,1.39,0.24,0.29,0.86
197106,-0.1,-1.49,-1.94,1.55,-1.65,0.37,2.73
197107,-4.5,-1.42,-0.01,0.57,1.49,0.4,-2.37
197108,3.79,-0.15,2.64,-0.45,2.63,0.47,3.61
197109,-0.85,0.28,-2.91,2.55,-1.59,0.37,2.12
197110,-4.42,-1.59,-0.48,1.58,-1.38,0.37,0.47
197111,-0.46,-2.87,-1.7,2.41,-0.33,0.37,1.51
197112,8.71,3.25,-0.41,-0.39,-1.73,0.37,-0.58
197201,2.49,6.12,2.27,-1.68,0.52,0.29,0.17
197202,2.87,0.89,-2.77,1.63,-0.53,0.25,2.54
197203,0.63,-0.47,-1.63,1.61,-0.15,0.27,2.94
197204,0.29,0.2,0.1,-0.45,-1,0.29,2.81
197205,1.25,-3.12,-2.72,2.38,-1.92,0.3,3.29
197206,-2.43,-0.47,-2.49,1.81,-0.34,0.29,1.9
197207,-0.8,-2.77,0.66,1.14,-0.65,0.31,2.7
197208,3.26,-3.48,4.53,-1.95,2.88,0.29,-5.4
197209,-1.14,-2.22,0.47,1.72,-1.97,0.34,1.82
197210,0.52,-2.54,1.35,-0.15,-0.02,0.4,0.71
197211,4.6,-0.63,4.83,-1.98,3.34,0.37,-5.09
197212,0.62,-1.9,-2.19,2.58,-2.15,0.37,4.92
197301,-3.29,-2.82,2.68,0.38,0.9,0.44,3.73
197302,-4.85,-3.9,1.6,-0.25,0.02,0.41,2.16
197303,-1.3,-2.33,2.62,-1.04,0.64,0.46,3.59
197304,-5.68,-2.95,5.42,-1.65,2.73,0.52,6.36
197305,-2.94,-6.18,0.41,1.94,-1.51,0.51,7.14
197306,-1.57,-2.51,1.19,-0.27,0.21,0.51,4.3
197307,5.05,7.26,-5.26,-0.05,-3.27,0.64,-11.57
197308,-3.82,-1.79,1.06,-1.28,1.29,0.7,3.46
197309,4.75,3.57,2.24,-2.3,1.75,0.68,-7
197310,-0.83,-0.3,1.6,-1.83,2.68,0.65,6.87
197311,-12.75,-7.27,3.99,-2.58,1.69,0.56,8.66
197312,0.61,-4.66,3.94,-2.69,2.41,0.64,10.38
197401,-0.17,10.39,6,-3.18,4.48,0.63,-8.85
197402,-0.47,0.12,2.5,-1.87,2.62,0.58,0.32
197403,-2.81,2.61,-0.12,2.79,0.45,0.56,-1.05
197404,-5.29,-0.69,0.87,2.88,2.08,0.75,2.11
197405,-4.68,-3.08,-2.07,4.93,-0.4,0.75,-0.39
197406,-2.83,0.02,0.79,0.62,2.9,0.6,2.31
197407,-8.05,1.92,5.17,-3.26,4.6,0.7,3.09
197408,-9.35,0.26,2.64,-0.28,2.6,0.6,3
197409,-11.77,1.48,5.59,-4.43,5.92,0.81,4.24
197410,16.1,-6.82,-9.88,-0.22,-2.87,0.51,-0.54
197411,-4.51,-1.48,-0.2,-3.35,2.94,0.54,2.14
197412,-3.45,-4.35,0.11,-0.69,3.26,0.7,2.92
197501,13.66,12.92,8.27,-0.76,-0.92,0.58,-13.82
197502,5.56,-0.65,-4.44,1.15,-2.12,0.43,-0.6
197503,2.66,3.99,2.39,1.23,-1.31,0.41,-2.04
197504,4.23,-0.72,-1.13,1.42,-1.35,0.44,1.38
197505,5.19,2.89,-4.1,-0.99,-0.61,0.44,-0.58
197506,4.83,1.42,1.4,-2.66,1.1,0.41,0.02
197507,-6.59,3.44,1.69,0.46,1.23,0.48,0.45
197508,-2.85,-2.84,-0.94,1.12,-0.93,0.48,-0.1
197509,-4.26,0.05,0.43,0.53,0.55,0.53,0.41
197510,5.31,-4.22,0.27,-0.48,2.2,0.56,-0.16
197511,2.64,-1.1,2.05,-0.68,1.78,0.41,-0.45
197512,-1.6,-0.05,1.69,-0.09,0.58,0.48,-0.11
197601,12.16,6.32,8.57,-1.79,2.27,0.47,4.45
197602,0.32,7.98,5.82,-2.6,3.83,0.34,0.38
197603,2.32,-1.39,-0.11,-0.33,0.94,0.4,0.15
197604,-1.49,0.08,-0.14,0.4,-1.08,0.42,0.59
197605,-1.34,-1.1,-1.35,2.45,-1.4,0.37,-1.12
197606,4.05,-1.07,0.69,-0.67,1.01,0.43,-0.42
197607,-1.07,0.63,1.73,-1.05,0.28,0.47,-0.13
197608,-0.56,-1.98,0.81,-0.41,-0.55,0.42,-0.85
197609,2.07,0.1,-0.29,0.98,-1.15,0.44,0.22
197610,-2.42,0.13,-0.18,-0.19,-0.37,0.41,-0.44
197611,0.36,2.66,1.51,-1.41,0.09,0.4,2.89
197612,5.65,3.64,2.27,-0.62,2.28,0.4,0.73
197701,-4.05,5.9,4.27,-0.51,1.97,0.36,4.01
197702,-1.94,1.07,0.47,-0.16,-0.22,0.35,0.36
197703,-1.37,1.31,1.09,-0.3,-0.06,0.38,0.55
197704,0.15,0.61,3.38,-2.02,1.14,0.38,4.21
197705,-1.45,1.31,0.85,0.33,0.19,0.37,2.03
197706,4.71,2.08,-0.74,0.91,-1.2,0.4,1.66
197707,-1.69,1.88,-0.57,0.74,0.09,0.42,0.36
197708,-1.75,0.86,-2.73,0.99,-0.69,0.44,-1.7
197709,-0.27,1.43,-0.46,1.45,-0.84,0.43,2
197710,-4.38,1.48,1.81,-0.19,-0.29,0.49,-0.08
197711,4,3.64,0.23,-0.13,0.71,0.5,2.01
197712,0.27,1.59,-0.3,0.91,-0.69,0.49,1.58
197801,-6.01,2.72,3.36,-1.7,1.52,0.49,-0.66
197802,-1.38,3.7,0.83,0.33,1.04,0.46,1.97
197803,2.85,3.71,1.16,-0.59,1.88,0.53,1.37
197804,7.88,-0.27,-3.57,2.83,-1.29,0.54,0.86
197805,1.76,4.58,-0.53,0.24,0.37,0.51,2.83
197806,-1.69,1.56,0.57,-1.41,-0.03,0.54,2.75
197807,5.11,0.13,-1.11,1.55,-0.79,0.56,4.18
197808,3.75,4.95,-0.57,1.41,0.44,0.56,2.83
197809,-1.43,-0.31,1.86,-0.65,1.8,0.62,-3.14
197810,-11.91,-10.07,1.39,0.18,0.99,0.68,-8.46
197811,2.71,2.85,-2.14,1.11,-1.19,0.7,5.47
197812,0.88,1.12,-2.13,1.95,-1.38,0.78,3.03
197901,4.23,3.79,2.2,-2.49,1.51,0.77,-1.36
197902,-3.56,0.54,1.14,-1.11,0.96,0.73,-1.06
197903,5.68,3.2,-0.73,0.51,0.28,0.81,2.93
197904,-0.06,2.4,1.08,1.11,0.21,0.8,0.81
197905,-2.21,0.17,1.32,-1.55,-0.27,0.82,-0.54
197906,3.85,0.99,1.39,-1.59,-0.47,0.81,0.84
197907,0.82,1.27,1.86,-0.28,0.71,0.77,-1.07
197908,5.53,1.92,-1.58,1.6,-1.47,0.77,-0.21
197909,-0.82,-0.33,-0.9,1,0.32,0.83,5.28
197910,-8.1,-3.51,-1.86,1,0.1,0.87,2.01
197911,5.21,2.53,-3.28,0.02,-2.12,0.99,8.14
197912,1.79,4.32,-2.1,-0.72,-0.9,0.95,4.78
198001,5.51,1.82,1.75,-1.69,1.71,0.8,7.55
198002,-1.22,-1.58,0.61,0.07,2.7,0.89,7.88
198003,-12.9,-6.92,-1.01,1.45,-1.16,1.21,-9.55
198004,3.97,1.05,1.08,-2.06,0.27,1.26,-0.43
198005,5.26,2.1,0.38,0.32,-0.32,0.81,-1.12
198006,3.06,1.42,-0.76,-0.16,-1.28,0.61,1.62
198007,6.49,3.82,-6.41,4.05,-2.38,0.53,0.35
198008,1.8,4.26,-2.61,2.07,-0.87,0.64,3.21
198009,2.19,0.66,-4.58,1.9,-2.77,0.75,5.39
198010,1.06,2.36,-2.79,1.69,-1.18,0.95,7.3
198011,9.59,-3.31,-8.33,4.51,-5.71,0.96,15.22
198012,-4.52,-0.29,2.79,-1.29,1.23,1.31,-6.68
198101,-5.04,3.29,6.72,-3.53,4.35,1.04,-7.95
198102,0.57,-0.51,1.02,0.21,2.27,1.07,-1.35
198103,3.56,3.03,0.64,-2.26,-0.52,1.21,0.74
198104,-2.11,4.59,2.28,0.83,1.22,1.08,-0.91
198105,0.11,2.45,-0.42,0.3,-1.54,1.15,3.7
198106,-2.36,-0.95,5.13,-1.37,2.69,1.35,-5.81
198107,-1.54,-2.05,-0.49,1.26,-2.55,1.24,-2.45
198108,-7.04,-1.81,4.79,-0.31,1.41,1.28,-1.15
198109,-7.17,-2.44,5.17,0.12,2.61,1.24,1.95
198110,4.92,2.36,-4.21,3.14,-3.01,1.21,4.01
198111,3.36,-1.51,1.85,0.07,0.96,1.07,-0.27
198112,-3.65,1.2,0.82,0.22,2.5,0.87,1.3
198201,-3.24,-1.13,3.19,-1.49,1.92,0.8,1.72
198202,-5.86,0.35,6.05,-3.43,4.56,0.92,4.88
198203,-1.87,-0.04,3.83,-1.39,2.49,0.98,2.96
198204,3.27,1.09,-2.7,1.56,-0.02,1.13,-0.4
198205,-3.99,0.64,1.76,0.88,-0.31,1.06,2.5
198206,-3.09,-0.52,1.55,0.01,2.7,0.96,4.96
198207,-3.19,0.95,0.09,1.04,1.54,1.05,4.44
198208,11.14,-4.33,0.93,-1.89,0.11,0.76,-3.52
198209,1.29,2.62,0.27,2.14,-0.04,0.51,4.19
198210,11.3,1.94,-3.67,0.29,-0.34,0.59,0.18
198211,4.67,4.42,-1.85,-0.97,0.29,0.63,5.94
198212,0.55,-0.07,0.01,-0.01,1.05,0.67,0.04
198301,3.6,3.33,-0.71,-1.55,-0.55,0.69,-1.74
198302,2.59,2.93,0.7,-0.52,1.05,0.62,3.78
198303,2.82,1.38,2.01,-0.17,2.74,0.63,0.93
198304,6.67,0.47,0.51,-0.11,1.47,0.71,1.72
198305,0.52,6.33,-1.42,-1.84,-1.54,0.69,-1.56
198306,3.07,1.19,-3.91,2.6,-0.87,0.67,1.8
198307,-4.07,1.01,5.62,-0.11,2.81,0.74,-3.11
198308,-0.5,-4.32,5.54,0.53,1.9,0.76,-5.43
198309,0.91,0.31,1.01,1.25,0.5,0.76,-0.03
198310,-3.44,-3.78,4.97,-0.79,2.96,0.76,-4.52
198311,2.16,1.89,-0.73,-0.75,0.66,0.7,-0.13
198312,-1.78,-0.45,1.7,1.6,1.27,0.73,0.84
198401,-1.92,-0.03,7.57,-0.82,2.92,0.76,-2.56
198402,-4.82,-1.6,3.34,0.91,1.58,0.71,0.22
198403,0.63,-0.29,0.47,-0.85,1.17,0.73,1.07
198404,-0.51,-0.96,1.19,3.38,0.76,0.81,2.07
198405,-5.97,0.14,0.29,2.2,-0.46,0.78,1.51
198406,1.82,0.1,-2.66,3.13,-1.56,0.75,-0.7
198407,-2.74,-2.22,0.33,3.55,-2.15,0.82,2.83
198408,10.28,-0.26,-1.8,-0.68,-0.92,0.83,-5.59
198409,-0.8,-0.03,5.23,1.37,2.41,0.86,3.62
198410,-0.84,-1.44,0.47,1.18,-1.09,1,3.16
198411,-1.76,-1.01,4.04,0.72,2.06,0.73,1.64
198412,1.84,-0.65,-0.25,1.31,-1.36,0.64,1.49
198501,7.99,3.5,-5.33,-0.89,-3.41,0.65,-6.82
198502,1.22,1.04,-0.1,1.29,1.06,0.58,1.88
198503,-0.84,-1.39,4.07,1.23,2.88,0.62,1.58
198504,-0.96,-0.1,3.72,1.55,0.71,0.72,3.04
198505,5.09,-2.31,-0.94,1.33,-1.49,0.66,3.99
198506,1.27,0.35,0.41,1.76,-0.77,0.55,3.57
198507,-0.74,2.87,-1.6,-0.44,-0.38,0.62,-3.91
198508,-1.02,-0.29,2.28,-0.07,1.84,0.55,1.85
198509,-4.54,-1.8,1.29,1.09,1.62,0.6,1.51
198510,4.02,-1.49,0.75,0.91,-1.08,0.65,4.88
198511,6.48,0.02,-2.84,0.32,-2.29,0.61,-0.47
198512,3.88,-0.4,-1.54,1.01,-1.82,0.65,-0.23
198601,0.65,1,0.44,-2,-2,0.56,3
198602,7.13,-0.71,-0.77,1.09,-1.24,0.53,2.76
198603,4.88,-0.65,-0.37,1.18,0.9,0.6,2.41
198604,-1.31,2.86,-2.86,2.89,-0.06,0.52,-0.36
198605,4.62,-1.29,-0.21,2.15,1.08,0.49,2.05
198606,1.03,-0.88,1.3,1.83,0.82,0.52,5.07
198607,-6.45,-3.45,4.7,-0.45,0.84,0.52,1.85
198608,6.07,-4.35,3.51,-1.63,3.19,0.46,-5.28
198609,-8.6,2.05,3.22,-0.1,3.72,0.45,-5.79
198610,4.66,-2.33,-1.42,-0.05,1,0.46,4.46
198611,1.17,-1.89,-0.07,1.03,0.66,0.39,-0.26
198612,-3.27,0.12,0.36,0.81,0.09,0.49,0.35
198701,12.47,-1.54,-3.16,0.16,-0.98,0.42,2.2
198702,4.39,3.4,-5.91,-0.84,-2.63,0.43,-2.07
198703,1.64,0.27,1.61,1.35,4.12,0.47,1.68
198704,-2.11,-1.54,-0.39,-0.5,1.03,0.44,0.22
198705,0.11,-0.56,0.23,0.51,1.15,0.38,-0.74
198706,3.94,-2.21,1.04,1.69,0.84,0.48,-0.25
198707,3.85,-1.12,0.73,-0.61,1.64,0.46,2.66
198708,3.52,-0.95,-0.95,2.04,-1.61,0.47,-0.86
198709,-2.59,0.4,0.3,-0.97,1.9,0.45,0.77
198710,-23.24,-8.05,4.23,2.06,2.26,0.6,-7.86
198711,-7.77,2.87,2.96,-1.88,0.68,0.35,-1.17
198712,6.81,0.06,-4.39,2.95,-2.46,0.39,5.87
198801,4.21,-0.53,4.95,-1.13,2.2,0.29,-7.27
198802,4.75,3.31,-1.69,1.55,0,0.46,-1.47
198803,-2.27,6.24,0.74,-0.26,1.82,0.44,0.58
198804,0.56,1.15,1.63,-0.2,1.94,0.46,2.24
198805,-0.29,-2.57,2.42,-0.74,0.33,0.51,0.63
198806,4.79,2.14,-1.22,1.46,-3.44,0.49,-2.93
198807,-1.25,-0.21,2.17,-0.58,1.49,0.51,0.65
198808,-3.31,-0.03,2.1,-0.81,1.76,0.59,0.35
198809,3.3,-1.35,-0.75,1.75,-0.6,0.62,0.27
198810,1.15,-2.95,1.69,1.29,1.03,0.61,1.33
198811,-2.29,-1.65,1.3,-0.28,1.63,0.57,0.33
198812,1.49,2.02,-1.61,0.69,-0.38,0.63,0.49
198901,6.1,-2.31,0.62,-0.95,0.14,0.55,-0.16
198902,-2.25,2.71,0.93,-0.87,1.81,0.61,0.99
198903,1.57,0.68,0.54,0.05,0.73,0.67,3.51
198904,4.33,-0.78,-1.4,0.71,-0.57,0.67,1.77
198905,3.35,0,-0.87,0.49,-0.08,0.79,1.52
198906,-1.35,-1.09,2.23,0.27,1.55,0.71,0.43
198907,7.2,-4.17,-2.79,1.95,-0.56,0.7,5.39
198908,1.44,0.48,0.6,0.39,-0.57,0.74,-0.12
198909,-0.76,0.49,-1.27,1.4,0.51,0.65,3.4
198910,-3.67,-3.32,-1.11,0.1,-0.03,0.68,1.32
198911,1.03,-1.29,-1.09,-0.86,1.37,0.69,2.6
198912,1.16,-2.28,0.16,-0.07,1.45,0.61,2.8
199001,-7.85,-1.32,0.85,-1.18,1.37,0.57,-3.27
199002,1.11,1.15,0.64,-0.07,-0.61,0.57,-0.54
199003,1.83,1.58,-2.92,2.02,-0.95,0.64,1.8
199004,-3.36,-0.32,-2.59,1.81,-1,0.69,2.39
199005,8.42,-2.37,-3.83,1.54,-1.58,0.68,3.03
199006,-1.09,1.31,-1.93,-1.1,-0.36,0.63,2.4
199007,-1.9,-3.14,-0.04,-0.11,3.23,0.68,6.14
199008,-10.15,-3.86,1.6,-0.35,2.99,0.66,1.88
199009,-6.12,-3.74,0.61,0.06,3.61,0.6,5.78
199010,-1.92,-5.07,0,3.13,-0.32,0.68,6.71
199011,6.35,0.04,-2.97,0.5,-4.69,0.57,-5.48
199012,2.46,0.64,-1.63,2.64,-1.81,0.6,0.29
199101,4.69,3.89,-1.57,1.26,-3.85,0.52,-6.45
199102,7.19,4.01,-0.63,-0.04,-0.43,0.48,-4.61
199103,2.65,3.82,-1.3,-0.5,-1.11,0.44,2.87
199104,-0.28,0.32,1.45,0.64,0.8,0.53,-2.36
199105,3.65,0.12,-0.49,2.05,-2.35,0.47,-0.11
199106,-4.94,0.26,1.07,1.77,0.64,0.42,0.47
199107,4.24,-0.96,-1.32,1.61,-1.36,0.49,4.24
199108,2.32,1.41,-0.78,0.85,-0.34,0.46,1.57
199109,-1.59,1.56,-1.07,-1.8,0.08,0.46,1.79
199110,1.29,0.9,-0.46,-1.73,-0.23,0.42,3.06
199111,-4.19,-0.84,-1.88,1.06,0.01,0.39,1.14
199112,10.84,-2.4,-4.18,3.56,-3.12,0.38,8.19
199201,-0.59,9.19,4.7,-1.29,3.2,0.34,-2.49
199202,1.09,1.34,6.47,0.1,2.19,0.28,-0.53
199203,-2.66,-0.93,3.55,-0.01,1.95,0.34,-0.29
199204,1.07,-5.7,4.32,1.69,2.23,0.32,-2.58
199205,0.3,0.21,1.19,-0.96,0.48,0.28,0.21
199206,-2.34,-2.74,3.25,-0.09,1.01,0.32,-0.58
199207,3.77,-0.66,-0.55,1.24,-0.89,0.31,1.59
199208,-2.38,-0.44,-1.08,3.68,-1.6,0.26,-0.51
199209,1.19,0.44,-0.23,1.58,-0.63,0.26,1.5
199210,1.02,2.09,-1.98,1.26,-0.84,0.23,2.48
199211,4.13,3.98,-1.42,-0.62,-1.65,0.23,-0.15
199212,1.53,1.67,2.65,-0.46,0.83,0.28,4.31
199301,0.93,1.89,5.95,-1.85,2.94,0.23,4.84
199302,0.12,-3.47,6.44,-0.48,4.21,0.22,3.14
199303,2.3,0.08,1.19,-0.17,0.9,0.25,3.73
199304,-3.05,-0.86,2.48,-3.6,1.44,0.24,0.38
199305,2.89,1.93,-3.5,-0.08,-1.05,0.22,0.22
199306,0.31,0.16,2.72,-0.91,1.2,0.25,4.55
199307,-0.34,0.92,2.82,-1.85,2.05,0.24,3.19
199308,3.71,0.11,0.14,-1.54,-0.03,0.25,2.65
199309,-0.12,2.94,-0.35,0.25,-0.16,0.26,3.37
199310,1.41,1.89,-2.78,0.58,0.6,0.22,-2.72
199311,-1.89,-1.18,-0.66,2.19,-0.94,0.25,-4.74
199312,1.65,1.38,0.27,1.17,-0.34,0.23,2.36
199401,2.87,0.08,1.28,-1.75,1.43,0.25,0
199402,-2.55,2.67,-1.56,2.15,-1,0.21,-0.3
199403,-4.78,-1.09,1.55,0.71,1.28,0.27,-1.27
199404,0.68,-1,1.66,1.06,1.11,0.27,0.39
199405,0.58,-2.53,0.7,0.6,0.68,0.31,-2.19
199406,-3.03,-0.48,1.67,1.21,1.47,0.31,-0.87
199407,2.82,-1.79,0.57,-0.6,0.11,0.28,0.1
199408,4.01,1.38,-2.5,0.96,-1.47,0.37,1.55
199409,-2.31,2.76,-1.84,0.53,0.9,0.37,1.31
199410,1.34,-2.31,-1.63,0.24,-0.69,0.38,1.49
199411,-4.04,0.13,-0.73,0.4,-0.39,0.37,-0.18
199412,0.86,-0.04,-0.09,0.39,0.3,0.44,3.48
199501,1.8,-3.02,2.51,0.2,-0.76,0.42,-1.81
199502,3.63,-0.54,1.09,0.56,-0.28,0.4,-0.39
199503,2.19,-0.53,-2.08,-0.13,0.24,0.46,0.43
199504,2.11,-0.22,1.7,0.4,0.89,0.44,1.79
199505,2.9,-2.18,2.27,0.36,0.1,0.54,-0.42
199506,2.72,3.03,-2.54,-0.35,-2.48,0.47,2.93
199507,3.72,2.08,-1.59,0.28,-1.64,0.45,2.57
199508,0.55,1.76,2.81,-1.22,1.61,0.47,0.16
199509,3.35,-1.9,-0.05,1.02,0.38,0.43,2.9
199510,-1.52,-4.07,-0.51,1.86,-0.04,0.47,4.16
199511,3.96,-1.07,0.58,-0.56,1.13,0.42,-0.68
199512,1.03,0.73,0.18,-1.38,3.08,0.49,2.52
199601,2.26,-2.56,0.4,0.19,2.31,0.43,0.54
199602,1.33,1.76,-1.07,0.24,-1.89,0.39,0.59
199603,0.73,1.64,0.36,1.48,-0.96,0.39,-1.84
199604,2.06,4.7,-4.05,-0.16,-2.11,0.46,-0.88
199605,2.36,3.22,-0.89,0.16,-0.3,0.42,1.54
199606,-1.14,-3.64,2.38,3.48,1.2,0.4,0.98
199607,-5.97,-3.8,5.14,2.97,2.56,0.45,-0.17
199608,2.77,2.58,-0.74,-0.41,-2.4,0.41,0.01
199609,5.01,-1.39,-2.7,1.23,-2.22,0.44,2.7
199610,0.86,-3.76,4.94,1.38,3.26,0.42,3.79
199611,6.25,-3.82,1.39,2.1,-0.78,0.41,-2.37
199612,-1.7,3.26,1.32,0.38,1.47,0.46,0.63
199701,4.99,-1.83,-1.46,1.22,-0.13,0.45,1.96
199702,-0.49,-2.56,5.69,0.65,3.48,0.39,-2.13
199703,-5.03,-0.42,3.4,0.45,1.7,0.43,0.9
199704,4.04,-5.71,0.07,3.24,-0.71,0.43,4.84
199705,6.74,4.75,-4.12,-1.02,-2.95,0.49,-5.17
199706,4.1,1.21,1.59,0.56,0.63,0.37,2.6
199707,7.33,-2.77,0.29,0.07,-2.55,0.43,3.79
199708,-4.15,7.63,1.2,-1.09,0.09,0.41,-2.56
199709,5.35,2.49,0.38,-1.62,-0.85,0.44,1.47
199710,-3.8,-0.55,2.25,1.04,1.88,0.42,-0.57
199711,2.98,-5.1,1.19,2.81,1.67,0.39,0.33
199712,1.32,-2.02,3.86,0.8,1.99,0.48,3.98
199801,0.15,-1.36,-1.59,0.87,-0.84,0.43,0.14
199802,7.04,0.2,-0.85,-0.34,-2.32,0.39,-1.12
199803,4.76,-0.63,1.41,-0.29,-0.41,0.39,2.15
199804,0.73,-0.05,0.9,-1.67,-0.44,0.43,0.74
199805,-3.07,-2.92,3.4,1.08,2.74,0.4,1.82
199806,3.18,-3.67,-1.96,-0.26,-3.13,0.41,7.28
199807,-2.46,-5.27,-1.76,1.72,0.45,0.4,3.73
199808,-16.08,-5.17,3.6,3.44,5.89,0.43,1.84
199809,6.15,-0.77,-3.37,-1.9,-2.97,0.46,-0.81
199810,7.13,-3.42,-2.29,0.94,0.32,0.32,-5.37
199811,6.1,0.71,-3.23,-0.91,-1.14,0.31,1.2
199812,6.16,-1.57,-4.18,-0.76,-3.41,0.38,8.92
199901,3.5,-0.73,-4.62,-2.79,-6.78,0.35,3.03
199902,-4.08,-5.2,1.88,-1.17,4.06,0.35,-0.1
199903,3.45,-4.23,-2.77,-4.1,-1.41,0.43,-1.27
199904,4.33,4.53,2.41,-2.55,0.93,0.37,-9.04
199905,-2.46,3.74,2.3,1,3.32,0.34,-5.19
199906,4.77,2.3,-3.27,1.12,-3.24,0.4,5.06
199907,-3.49,2.57,-0.42,0.38,3.19,0.38,1.66
199908,-1.38,-1.72,-1.84,-0.21,0.63,0.39,3.12
199909,-2.79,2.62,-3.48,-0.74,-1.17,0.39,6.47
199910,6.12,-6.89,-3.37,-1.72,-1.22,0.39,5.5
199911,3.37,5.8,-6.16,-4.29,-1.78,0.36,5.64
199912,7.72,5.34,-8.32,-7.6,-5.61,0.44,13.22
200001,-4.74,4.45,-1.89,-6.29,4.74,0.41,1.92
200002,2.45,18.38,-9.81,-18.76,-0.35,0.43,18.2
200003,5.2,-15.39,8.23,11.82,-1.61,0.47,-6.83
200004,-6.4,-4.96,7.25,7.67,5.62,0.46,-8.39
200005,-4.42,-3.87,4.83,4.18,1.32,0.5,-8.98
200006,4.64,9.87,-8.41,-8.26,-2.91,0.4,16.61
200007,-2.51,-1.02,8.33,6.09,2.96,0.48,-0.1
200008,7.03,-1.01,-1.37,-3.01,1.06,0.5,5.73
200009,-5.45,0.26,7.17,2.89,5.56,0.51,1.97
200010,-2.76,-2.72,5.64,9.28,3.84,0.56,-4.48
200011,-10.72,-0.58,12.34,13.38,8.42,0.51,-2.32
200012,1.19,3.3,7.6,2.44,4.79,0.5,6.74
200101,3.13,5.45,-5.11,-5.46,-5.05,0.54,-25.3
200102,-10.05,2.79,12.48,9.12,9.06,0.38,12.57
200103,-7.26,2.36,6.43,3.39,3.9,0.42,8.55
200104,7.94,-0.88,-4.7,-3.48,-3.18,0.39,-7.9
200105,0.72,3.59,3.36,0.25,1.91,0.32,2.21
200106,-1.94,6.57,-1.13,1.27,-1.51,0.28,0.38
200107,-2.13,-2.83,5.21,7.42,3.04,0.3,5.58
200108,-6.46,2.71,2.3,4.06,6.56,0.31,5.53
200109,-9.25,-5.73,1.46,5.03,3.22,0.28,11.48
200110,2.46,5.28,-7.66,-3.01,-4.55,0.22,-8.47
200111,7.54,-0.31,2.22,-3.74,-1.66,0.17,-8.69
200112,1.6,5.16,0.85,0.35,-0.28,0.15,0.07
200201,-1.44,1.25,3.44,4.69,2.85,0.14,3.75
200202,-2.29,-0.36,2.16,8.06,5.1,0.13,6.82
200203,4.24,4.24,1.07,-1.78,0.59,0.13,-1.64
200204,-5.2,6.73,3.88,4.59,5.37,0.15,7.63
200205,-1.38,-3.02,1.53,2.35,2.42,0.14,3.16
200206,-7.21,3.88,-0.03,3.93,2.51,0.13,6.03
200207,-8.18,-6.42,-3.86,3.76,-1.02,0.15,3.74
200208,0.5,-1.32,3.31,1.34,-1.42,0.14,1.9
200209,-10.35,3.1,1.44,3.26,-2.22,0.14,9.13
200210,7.84,-4.3,-3.95,-3.36,0.78,0.14,-5.58
200211,5.96,2.95,-1.27,-9.19,5.15,0.12,-16.33
200212,-5.76,0.64,2.13,6.27,-1.69,0.11,9.64
200301,-2.57,0.67,-0.73,-1.03,0.76,0.1,1.55
200302,-1.88,-0.93,-1.38,0.87,-0.61,0.09,1.17
200303,1.09,0.68,-1.93,1.87,-0.76,0.1,1.48
200304,8.22,1.05,1.17,-4.67,1.08,0.1,-9.33
200305,6.05,4.85,0.53,-7.02,3.02,0.09,-10.7
200306,1.42,1.66,0.19,0.44,-0.34,0.1,-1
200307,2.35,4.58,-1.19,-4.23,1.85,0.07,-0.32
200308,2.34,2.52,1.54,-2.21,2.13,0.07,-0.62
200309,-1.24,0.55,0.1,1.06,0.34,0.08,-0.19
200310,6.08,2.67,1.92,-1.3,1.48,0.07,3.99
200311,1.35,2.25,1.81,0.12,1.81,0.07,1.46
200312,4.29,-2.53,1.6,0.51,0.95,0.08,-5.57
200401,2.15,2.44,2.46,-3.66,3.39,0.07,2.58
200402,1.4,-0.88,0.87,2.15,-1.22,0.06,-1.14
200403,-1.32,2.12,0.23,1.61,-0.99,0.09,0.17
200404,-1.83,-2.07,-3.02,3.42,-2.76,0.08,-5.38
200405,1.17,-0.42,-0.23,-1.15,0,0.06,1.5
200406,1.86,2.57,1.23,1.19,-0.38,0.08,2.05
200407,-4.06,-2.94,3.22,5.31,-1.66,0.1,-2.28
200408,0.08,-1.15,1,1.24,-1.44,0.11,-1.59
200409,1.6,3.27,-0.02,-1.44,-1.89,0.11,5.49
200410,1.43,0.19,-0.25,-0.49,0.49,0.11,-1.38
200411,4.54,4.11,1.45,-0.59,-0.21,0.15,3.16
200412,3.43,-0.05,-0.21,-1.17,0.46,0.16,-2.87
200501,-2.76,-1.18,2.07,2.72,-1.46,0.16,3.05
200502,1.89,-0.3,1.54,1.42,-0.05,0.16,3.37
200503,-1.97,-1.42,2.05,0.45,1.29,0.21,0.41
200504,-2.61,-3.98,0.05,0.94,-0.95,0.21,-0.69
200505,3.65,2.79,-0.59,-0.95,0.29,0.24,0.45
200506,0.57,3.28,2.81,0.96,-0.52,0.23,2.05
200507,3.92,2.79,-0.78,-1.23,-0.81,0.24,0.06
200508,-1.22,-0.9,1.34,-2.11,0.36,0.3,2.08
200509,0.49,-0.36,0.69,0.27,-0.6,0.29,3.43
200510,-2.02,-1.43,0.41,-0.94,-1.29,0.27,-1.39
200511,3.61,0.84,-1.2,-0.74,-1.14,0.31,0.35
200512,-0.25,-0.2,0.22,0.21,0.23,0.32,0.77
200601,3.04,5.77,1.09,-0.66,-0.43,0.35,2.53
200602,-0.3,-0.43,-0.37,-0.5,1.9,0.34,-1.84
200603,1.46,3.4,0.55,0.1,-0.4,0.37,1.26
200604,0.73,-0.85,2.34,1.79,-0.01,0.36,0.61
200605,-3.57,-2.86,2.39,1.15,1.46,0.43,-3.7
200606,-0.35,-0.22,0.8,1.33,-0.08,0.4,1.54
200607,-0.78,-3.64,2.62,1.64,0.9,0.4,-2.13
200608,2.03,0.42,-2.04,-1.9,2.15,0.42,-3.38
200609,1.84,-1.43,0.06,0.86,0.57,0.41,-0.96
200610,3.23,1.95,-0.26,-0.16,0.28,0.41,-0.2
200611,1.71,0.73,0.11,0.18,-0.83,0.42,-1.03
200612,0.87,-0.8,2.71,-0.71,2.05,0.4,0.79
200701,1.4,0.09,-0.7,0.27,0.36,0.44,0.24
200702,-1.96,1.28,-0.12,-0.5,-0.72,0.38,-1.35
200703,0.68,0.18,-0.94,0.61,-0.66,0.43,2.56
200704,3.49,-2.06,-1.43,1.1,1.05,0.44,-0.24
200705,3.24,0.38,-0.62,1.55,-1.36,0.41,-0.34
200706,-1.96,0.75,-1.07,0.53,0.08,0.4,0.51
200707,-3.73,-2.98,-3.73,0.19,-1.11,0.4,2.94
200708,0.92,-0.38,-1.89,-1.23,-0.54,0.42,0.1
200709,3.22,-2.42,-2.23,-0.56,-3.02,0.32,4.63
200710,1.8,-0.04,-3.11,-0.31,-0.12,0.32,5.02
200711,-4.83,-3.02,-0.94,1.88,-0.27,0.34,0.99
200712,-0.87,0.18,-0.52,0.82,-1.06,0.27,6.63
200801,-6.36,-0.61,4.01,2.21,2.13,0.21,-7.75
200802,-3.09,-0.64,-0.84,0.83,-0.93,0.13,6.1
200803,-0.93,0.61,0.35,0.8,0.51,0.17,4.27
200804,4.6,-1.19,-1.09,1.68,-2.46,0.18,-0.31
200805,1.86,3.02,-1.53,0.91,-0.06,0.18,3.31
200806,-8.44,1.19,-2.7,4.94,-0.56,0.17,12.75
200807,-0.77,3.7,5.27,-1.35,1.03,0.15,-5.07
200808,1.53,3.4,1.48,1.88,0.85,0.13,-4.02
200809,-9.24,0.25,5.9,2.41,1.8,0.15,0.28
200810,-17.23,-3.28,-2.22,2.99,2.04,0.08,7.85
200811,-7.86,-3.92,-6.3,4.52,2.75,0.03,7.17
200812,1.74,3.31,0.07,0.13,-1.51,0,-5.09
200901,-8.12,-2.08,-11.11,0.11,-1.19,0,-2.18
200902,-10.1,-1.3,-6.91,1.11,-1.05,0.01,4.41
200903,8.95,0.66,3.34,-2.52,-2.19,0.02,-11.87
200904,10.18,7.04,5.26,1.28,0.11,0.01,-34.3
200905,5.21,-2.31,0.37,-0.74,-2.2,0,-12.49
200906,0.43,2.31,-2.72,-1.34,-0.31,0.01,5.48
200907,7.72,2.4,4.84,-0.36,3.15,0.01,-5.58
200908,3.33,-0.08,7.63,-2.92,3.3,0.01,-9.07
200909,4.08,2.72,1.04,1.25,0.35,0.01,-4.79
200910,-2.59,-4.92,-4.2,4.17,-1.46,0,2.61
200911,5.56,-2.68,-0.33,0.98,0.11,0,0.3
200912,2.75,6.24,-0.17,1.05,-0.1,0.01,3.02
201001,-3.36,0.35,0.43,-1.23,0.44,0,-5.4
201002,3.4,1.51,3.22,-0.28,1.4,0,3.74
201003,6.31,1.85,2.21,-0.63,1.67,0.01,3.76
201004,2,4.98,2.89,0.7,1.74,0.01,3.16
201005,-7.89,0.04,-2.44,1.27,-0.23,0.01,-0.25
201006,-5.57,-2.47,-4.7,-0.18,-1.55,0.01,-2.76
201007,6.93,0.16,-0.3,0.26,1.99,0.01,1.83
201008,-4.77,-3.11,-1.96,0.58,-1.66,0.01,-0.06
201009,9.54,3.76,-3.17,-0.19,0.37,0.01,1.41
201010,3.88,0.86,-2.49,1.27,-0.31,0.01,1.58
201011,0.6,3.66,-0.88,0.4,1.51,0.01,2.66
201012,6.82,0.98,3.78,-3.53,3.16,0.01,-3.03
201101,1.99,-2.37,0.77,-0.65,0.83,0.01,-0.29
201102,3.49,1.61,1.24,-1.93,0.87,0.01,1.99
201103,0.46,2.64,-1.88,1.79,0,0.01,3.4
201104,2.9,-0.5,-2.48,1.08,-0.85,0,0.04
201105,-1.27,-0.71,-2,1.88,-1.46,0,-0.62
201106,-1.75,0.13,-0.38,2.44,-1.48,0,1.78
201107,-2.35,-1.22,-0.91,2.73,-1.78,0,0.16
201108,-5.99,-3.22,-2.4,3.3,-0.31,0.01,-0.28
201109,-7.59,-3.67,-1.75,2.03,0.21,0,-2.42
201110,11.35,3.48,0.12,-2.14,-0.87,0,-1.43
201111,-0.28,-0.28,-0.46,1.83,1.51,0,3.85
201112,0.74,-0.33,1.61,1.01,2.49,0,1.81
201201,5.05,2.07,-0.94,-2.01,-1.46,0,-7.93
201202,4.42,-1.71,0.43,-0.47,-0.04,0,-0.29
201203,3.11,-0.49,1.12,-0.55,0.69,0,1.3
201204,-0.85,-0.54,-0.77,1.31,0.69,0,3.75
201205,-6.19,-0.1,-1.06,2.1,2.34,0.01,6.49
201206,3.89,0.81,0.59,-1.07,0.44,0,-1.06
201207,0.79,-2.76,-0.12,1.13,0.03,0,3.02
201208,2.55,0.45,1.3,-1.33,-0.88,0.01,-2.37
201209,2.73,0.64,1.58,-1.51,1.51,0.01,-1.14
201210,-1.76,-0.91,3.56,-1.34,2.55,0.01,0.14
201211,0.78,0.44,-0.83,0.65,0.86,0.01,0.49
201212,1.18,1.92,3.53,-1.86,0.86,0.01,-2.86
201301,5.57,0.46,0.95,-1.93,1.43,0,-1.79
201302,1.29,-0.29,0.1,-0.66,0.57,0,1.29
201303,4.03,0.87,-0.23,0.13,1.37,0,1.92
201304,1.55,-2.24,0.5,0.27,0.39,0,0.22
201305,2.8,2.08,2.67,-1.99,-0.93,0,-2.02
201306,-1.2,1.56,0.05,-0.39,0.01,0,0.52
201307,5.65,1.81,0.57,-1.35,0.53,0,1.75
201308,-2.71,-0.07,-2.68,0.67,-2.16,0,0.02
201309,3.77,2.65,-1.23,-0.56,-1.4,0,3.07
201310,4.18,-1.5,1.26,2.76,0.92,0,0.08
201311,3.13,1.4,0.28,0.16,0.04,0,0.44
201312,2.81,-0.44,-0.01,-0.46,0.08,0,0.02
201401,-3.32,0.59,-2.02,-3.88,-1.43,0,1.71
201402,4.65,0.16,-0.31,-0.23,-0.48,0,2.07
201403,0.43,-1.13,4.92,2.11,1.98,0,-3.29
201404,-0.19,-4.13,1.14,3.45,1.03,0,-3.89
201405,2.06,-1.89,-0.13,0.05,-1.01,0,0.88
201406,2.61,3.1,-0.69,-1.88,-1.99,0,0.69
201407,-2.04,-4.26,-0.02,0.9,0.47,0,-0.16
201408,4.24,0.3,-0.43,-0.64,-0.68,0,0.82
201409,-1.97,-3.72,-1.36,1.3,-0.5,0,0.5
201410,2.52,3.77,-1.85,-0.5,-0.14,0,-0.06
201411,2.55,-2.24,-3.12,1.53,0.23,0,0.69
201412,-0.06,2.86,2.29,-1.22,0.98,0,1.12
201501,-3.11,-0.9,-3.61,1.62,-1.68,0,3.84
201502,6.13,0.3,-1.85,-1.12,-1.78,0,-2.82
201503,-1.12,3.1,-0.41,0.16,-0.54,0,2.74
201504,0.59,-3.08,1.83,-0.01,-0.64,0,-7.27
201505,1.36,0.81,-1.1,-1.78,-0.7,0,5.81
201506,-1.53,2.88,-0.76,0.43,-1.54,0,3.01
201507,1.54,-4.59,-4.07,0.34,-2.48,0,10
201508,-6.04,0.27,2.8,0.64,1.26,0,-2.09
201509,-3.07,-2.79,0.57,1.82,-0.57,0,5.22
201510,7.75,-2.06,-0.46,0.85,0.53,0,-3.28
201511,0.56,3.3,-0.38,-2.73,-1.02,0,2.28
201512,-2.17,-2.97,-2.59,0.46,0.02,0.01,3.35
201601,-5.77,-3.42,2.06,2.84,3.09,0.01,1.44
201602,-0.07,0.93,-0.57,3.3,1.96,0.02,-4.38
201603,6.96,1.01,1.1,0.74,-0.02,0.02,-5.01
201604,0.91,1.15,3.21,-2.92,1.9,0.01,-6.02
201605,1.78,-0.64,-1.66,-1.1,-2.48,0.01,1.42
201606,-0.05,0.44,-1.45,1.48,1.94,0.02,4.13
201607,3.95,2.48,-1.31,1.24,-1.19,0.02,-3.34
201608,0.49,1.69,3.16,-1.89,-0.34,0.02,-3.49
201609,0.25,1.86,-1.22,-2.23,0.02,0.02,0.19
201610,-2.02,-4.04,4.12,0.95,0.24,0.02,0.6
201611,4.86,7.04,8.2,-0.17,3.71,0.01,-4.62
201612,1.81,0.41,3.56,1.24,-0.26,0.03,-0.26
201701,1.94,-1.43,-2.73,-0.5,-0.98,0.04,-0.93
201702,3.57,-2.23,-1.66,0.44,-1.83,0.04,-1.65
201703,0.17,0.74,-3.37,0.63,-0.94,0.03,-1.02
201704,1.09,0.47,-2.15,1.91,-1.61,0.05,0.48
201705,1.06,-3.04,-3.76,0.95,-1.79,0.06,1.48
201706,0.78,2.57,1.48,-2.26,0,0.06,-0.09
201707,1.87,-1.62,-0.22,-0.59,-0.16,0.07,1.62
201708,0.16,-1.82,-2.07,0.12,-2.36,0.09,3.26
201709,2.51,4.74,3.09,-1.5,1.63,0.09,-1.32
201710,2.25,-1.95,0.23,0.84,-3.22,0.09,4.27
201711,3.12,-0.35,-0.05,3.16,-0.09,0.08,-0.87
201712,1.06,-1.07,0.03,0.76,1.66,0.09,-1.54
201801,5.58,-3.25,-1.36,-0.72,-1.05,0.11,4.05
201802,-3.65,0.33,-1.03,0.56,-2.4,0.11,3.58
201803,-2.35,3.59,-0.23,-0.49,0.02,0.12,-1.13
201804,0.29,0.9,0.48,-2.41,1.28,0.14,0.36
201805,2.65,4.78,-3.13,-2.04,-1.43,0.14,3.89
201806,0.48,0.8,-2.33,0.82,0.23,0.14,-2.35
201807,3.19,-1.94,0.45,1.52,0.37,0.16,-1.41
201808,3.44,0.63,-3.98,-0.3,-2.66,0.16,5.29
201809,0.06,-2.49,-1.7,0.67,1.3,0.15,0.04
201810,-7.68,-4.46,3.43,0.98,3.6,0.19,-2
201811,1.69,-0.77,0.26,-0.65,0.36,0.18,-1.37
201812,-9.55,-2.9,-1.9,-0.04,0.22,0.19,2.11
201901,8.41,3.01,-0.44,-0.77,-1.51,0.21,-8.68
201902,3.4,1.72,-2.68,0.21,-1.62,0.18,0.86
201903,1.1,-3.47,-4.05,0.81,-0.97,0.19,2.21
201904,3.97,-1.14,2.17,1.64,-2.2,0.21,-2.97
201905,-6.94,-1.58,-2.37,-0.51,1.75,0.21,7.56
201906,6.93,0.36,-0.71,0.86,-0.43,0.18,-2.3
201907,1.19,-1.87,0.57,-0.04,0.32,0.19,2.75
201908,-2.58,-3.22,-4.89,0.55,-0.71,0.16,6.92
201909,1.43,0.3,6.88,1.82,3.38,0.18,-6.81
201910,2.07,0.22,-1.91,0.48,-1.02,0.15,0.15
201911,3.87,0.49,-2.09,-1.64,-1.2,0.12,-2.66
201912,2.77,0.95,1.8,-0.01,1.24,0.14,-1.77
202001,-0.1,-4.4,-6.17,-1.16,-2.34,0.13,5.98
202002,-8.13,-0.01,-3.75,-1.45,-2.52,0.12,-0.4
202003,-13.38,-8.36,-13.92,-1.49,1.21,0.12,7.97
202004,13.65,2.66,-1.3,2.64,-0.94,0,-5.23
202005,5.58,2.02,-4.92,0.92,-3.21,0.01,0.42
202006,2.46,1.94,-2.12,0.11,0.51,0.01,-0.73
202007,5.77,-3.17,-1.53,0.36,0.9,0.01,7.64
202008,7.63,-0.92,-2.95,4.36,-1.35,0.01,0.55
202009,-3.63,0.01,-2.58,-1.38,-1.8,0.01,3.14
202010,-2.1,4.66,4.14,-0.93,-0.77,0.01,-3.04
202011,12.47,6.99,2.1,-2.11,1.36,0.01,-12.43
202012,4.63,4.73,-1.41,-1.97,-0.07,0.01,-2.32
202101,-0.03,6.77,3,-3.62,4.78,0,4.5
202102,2.78,4.53,7.2,0.45,-1.87,0,-7.89
202103,3.08,-0.93,7.41,6.35,3.47,0,-6.14
202104,4.93,-3.1,-0.95,2.3,-2.81,0,1.1
202105,0.29,1.19,7.04,2.34,3.09,0,0.88
202106,2.75,-0.28,-7.82,-2.14,-1.04,0,2.19
202107,1.27,-4.55,-1.74,5.37,-0.54,0,-2.28
202108,2.91,-0.78,-0.15,-0.26,-1.66,0,2.52
202109,-4.37,1.21,5.06,-1.94,2.02,0,1.53
202110,6.65,-2.71,-0.48,1.74,-1.51,0,3.19
202111,-1.55,-1.73,-0.42,7.38,1.63,0,0.89
202112,3.1,-0.69,3.22,4.75,4.36,0.01,-2.6
202201,-6.25,-3.95,12.74,0.73,7.73,0,-2.5
202202,-2.29,2.9,3.09,-2.12,2.99,0,1.73
202203,3.06,-2.13,-1.8,-1.33,3.27,0,2.97
