date,R_F,R_MKT,R_ME,R_IA,R_ROE,R_EG,MOM
196701,0.3927,8.1852,6.8284,-2.9677,1.9193,-2.1769,-6.93
196702,0.3743,0.7557,1.6496,-0.227,3.5395,2.2211,3.52
196703,0.3693,4.0169,2.0026,-1.7789,1.8417,-1.036,1.53
196704,0.3344,3.8786,-0.6898,-2.8756,1.0583,-1.7259,0.59
196705,0.3126,-4.2807,2.8469,2.5239,0.6917,0.1578,0.72
196706,0.2674,2.4199,6.2394,-2.1203,0.3089,-0.4236,6
196707,0.3153,4.5784,3.0386,2.3556,-0.6775,-0.1323,-1.03
196708,0.324,-0.9048,0.3083,1.7679,-0.6249,0.0961,-1.38
196709,0.3177,3.1074,1.723,-0.3387,0.6802,-0.6582,2.52
196710,0.3649,-3.0516,0.7527,-2.3566,3.1968,0.155,3.67
196711,0.3416,0.3764,0.1514,-2.8065,0.7622,0.2299,1.26
196712,0.3565,3.0233,4.5645,0.2695,0.8002,1.5529,3.25
196801,0.3934,-4.0257,5.3224,4.6808,-2.779,1.261,-4.7
196802,0.3849,-3.7294,-1.6021,2.7082,-0.3612,3.399,-3.43
196803,0.3977,0.188,-2.2336,-1.1412,1.6766,1.1834,3.23
196804,0.4263,9.0295,5.3736,-2.5654,3.6574,-1.812,5.09
196805,0.4672,2.2564,6.663,-2.3027,1.9679,-0.3505,3.8
196806,0.4436,0.6745,-0.4609,2.466,-0.3919,-0.0436,-1.9
196807,0.479,-2.6869,-1.1798,2.7648,-2.0599,3.3483,-0.88
196808,0.4476,1.3272,2.2095,0.5377,-0.637,1.6268,1.89
196809,0.4203,4.0566,1.4401,-0.5988,-3.4599,-1.2098,-0.65
196810,0.4394,0.4255,-0.6893,2.6592,0.53,2.5195,-1.46
196811,0.4457,5.4064,2.7772,-1.4016,-0.4025,-0.9356,1.75
196812,0.4249,-3.9304,3.148,2.5763,-0.794,-0.8697,-0.01
196901,0.5025,-1.2301,-0.3155,1.1579,-0.0419,0.479,-0.17
196902,0.4619,-5.8496,-3.8811,0.8695,1.0745,2.3558,-2.36
196903,0.4802,2.66,-0.2917,0.421,1.8681,2.4981,3.97
196904,0.4859,1.5003,-0.1735,0.5309,1.9447,-0.1946,1.13
196905,0.5215,-0.1257,0.3506,1.3994,-0.0812,-0.0395,1.7
196906,0.5137,-7.1923,-4.7278,-0.5881,3.3657,2.4771,-2.3
196907,0.552,-7.0331,-2.8932,2.0773,2.0931,3.4183,1.7
196908,0.589,4.6007,0.9935,-2.6235,0.3624,-2.0509,2.17
196909,0.5856,-2.9387,0.7049,0.0549,2.0371,2.7913,2.52
196910,0.5724,5.081,2.8468,-1.4489,-1.0344,-1.1314,-4.31
196911,0.5509,-3.8235,-2.0233,0.2104,2.7382,2.283,3.66
196912,0.5846,-2.5834,-3.6195,-0.5031,3.6744,1.7189,4.96
197001,0.5781,-8.0676,3.4625,3.4052,-1.2607,3.2798,0.6
197002,0.6167,5.0779,-2.4815,1.7716,-2.067,0.1127,0.23
197003,0.5542,-1.0373,-1.314,3.3133,-0.8944,2.9901,-0.36
197004,0.5286,-11.0383,-4.6397,5.1447,0.3396,5.7065,-0.77
197005,0.5546,-6.9458,-3.2371,3.1395,0.2382,3.6207,-2.78
197006,0.5546,-5.7634,-1.8945,3.6627,2.5647,3.894,5.7
197007,0.4886,6.9503,-0.4326,2.5463,-0.8376,-1.1825,-3.14
197008,0.502,4.5098,0.636,-0.8656,-3.3301,-2.0775,-6.55
197009,0.5034,4.2154,7.1519,-4.5667,-1.3398,-5.5031,-8.8
197010,0.4954,-2.3108,-3.1779,2.9508,5.4955,3.9498,9.42
197011,0.4489,4.6032,-3.6529,0.7995,0.706,2.1987,2.73
197012,0.3786,5.7758,2.7302,0.2507,-1.0452,-0.3328,-2.23
197101,0.3777,4.8376,6.8382,-0.2396,-4.2031,-3.1846,-6.51
197102,0.3344,1.3927,1.4505,0.6378,2.4361,0.7462,0.79
197103,0.2924,4.1315,2.615,-1.9561,1.9067,-0.3496,-1.41
197104,0.2804,3.1513,-0.281,1.3068,-1.1773,-0.8788,1.41
197105,0.3127,-4.0032,-1.4699,0.8408,1.416,0.8228,0.86
197106,0.3505,-0.069,-0.6748,-0.7045,4.3422,2.3488,2.73
197107,0.4272,-4.5182,0.189,2.3804,2.4069,0.6396,-2.37
197108,0.4446,3.8106,-2.3059,1.4933,-3.3425,-0.0684,3.61
197109,0.363,-0.8462,0.349,0.0641,2.7781,1.2708,2.12
197110,0.3855,-4.4382,-1.2175,-0.8412,1.8165,2.5146,0.47
197111,0.3506,-0.44,-2.7012,-0.2227,1.6931,1.5323,1.51
197112,0.3152,8.7371,2.6944,-2.0412,-1.4985,-1.5598,-0.58
197201,0.285,2.4876,6.705,0.1588,-6.5071,1.966,0.17
197202,0.2659,2.8485,0.459,1.993,1.0478,-0.347,2.54
197203,0.259,0.6398,-1.0197,1.8392,2.1095,1.597,2.94
197204,0.2962,0.2728,0.2422,0.2396,0.7439,0.2792,2.81
197205,0.2942,1.2622,-2.5367,-1.502,2.069,1.2874,3.29
197206,0.28,-2.4172,0.4274,0.0268,3.5905,1.5513,1.9
197207,0.3084,-0.8379,-1.9759,-0.3928,2.1012,3.2058,2.7
197208,0.2988,3.2486,-3.5252,3.5408,-1.5054,0.5063,-5.4
197209,0.3546,-1.1495,-1.0696,-1.1251,2.1088,0.4612,1.82
197210,0.3891,0.5271,-3.1006,-0.5007,-0.4427,0.6599,0.71
197211,0.3739,4.5932,-0.9835,2.5964,-4.1062,0.6969,-5.09
197212,0.4185,0.5727,-1.7774,-1.3503,3.1279,1.8048,4.92
197301,0.441,-3.2918,-2.3772,0.3555,-0.3811,3.3322,3.73
197302,0.4277,-4.8635,-4.4782,0.1066,-1.0371,1.522,2.16
197303,0.475,-1.3432,-1.6855,0.5066,-1.9078,3.21,3.59
197304,0.5002,-5.6576,-2.9136,3.1132,-0.5363,4.0693,6.36
197305,0.5098,-2.9549,-5.6948,-0.4114,1.6027,1.5846,7.14
197306,0.5379,-1.59,-1.2209,0.4364,-0.1103,2.8658,4.3
197307,0.654,5.0256,7.9616,-5.7477,1.1376,-4.2331,-11.57
197308,0.6855,-3.8069,-1.9392,1.6985,1.4899,1.4525,3.46
197309,0.6749,4.7527,5.7352,2.1956,-1.3047,-1.5413,-7
197310,0.6856,-0.8621,-1.2115,2.6182,0.4903,4.0646,6.87
197311,0.5529,-12.7439,-7.4553,1.9573,-1.1296,2.074,8.66
197312,0.6961,0.6667,-4.5308,2.5183,3.6506,4.6139,10.38
197401,0.6274,-0.1624,11.5564,2.1051,-4.8138,-0.5604,-8.85
197402,0.5819,-0.4736,-0.5191,2.1209,-1.0446,1.4503,0.32
197403,0.5677,-2.8245,1.8373,-0.0555,1.8113,1.1626,-1.05
197404,0.7949,-5.331,-0.4765,2.3752,2.2129,2.5414,2.11
197405,0.7235,-4.6599,-4.0947,-0.3302,2.2782,0.2895,-0.39
197406,0.6892,-2.9154,0.2691,1.5998,1.5496,2.1438,2.31
197407,0.6756,-8.0181,3.5437,4.4292,2.5567,5.6777,3.09
197408,0.594,-9.3439,2.2185,3.1493,2.9559,4.8505,3
197409,0.7997,-11.7639,2.0304,4.8696,-2.2994,3.3901,4.24
197410,0.5254,16.0666,-5.9413,-1.5064,8.8862,1.0374,-0.54
197411,0.5139,-4.4797,-0.8166,2.5432,1.7201,1.3758,2.14
197412,0.7009,-3.4488,-3.8364,2.1589,0.4744,2.046,2.92
197501,0.5387,13.7056,12.447,-0.5177,-11.6181,-5.404,-13.82
197502,0.4326,5.557,-1.3808,-1.6716,3.6046,0.6132,-0.6
197503,0.4014,2.6678,3.3168,-0.6366,-1.7338,-1.7983,-2.04
197504,0.4489,4.2101,-1.3681,-0.0429,3.3684,2.3097,1.38
197505,0.4869,5.141,3.2742,-0.1207,-0.2673,-0.0167,-0.58
197506,0.4133,4.8545,1.6189,0.3474,-1.5818,-0.6513,0.02
197507,0.4811,-6.5874,2.9693,1.4388,-1.3503,1.7009,0.45
197508,0.4815,-2.8504,-3.2098,-0.1799,0.6885,1.3638,-0.1
197509,0.5575,-4.291,0.6336,1.3519,1.6797,3.3382,0.41
197510,0.5185,5.3413,-4.4872,3.0056,2.6814,2.567,-0.16
197511,0.4127,2.6414,-0.4781,1.5715,0.6636,1.5634,-0.45
197512,0.4983,-1.6279,0.2829,-0.0397,-2.2506,0.4767,-0.11
197601,0.4402,12.1728,6.7749,1.4885,-2.6663,0.8707,4.45
197602,0.3452,0.3125,6.9275,2.1577,-3.7503,0.8706,0.38
197603,0.4344,2.285,-0.4217,1.7157,2.4346,1.6181,0.15
197604,0.444,-1.5107,-0.5645,-0.7475,-0.3256,0.0357,0.59
197605,0.4124,-1.3767,-1.2464,-0.9763,0.5098,0.3295,-1.12
197606,0.4446,4.0397,0.0617,1.3378,-0.0551,0.9442,-0.42
197607,0.439,-1.0325,1.1703,0.9278,0.7571,1.6276,-0.13
197608,0.4745,-0.6094,-2.0631,-0.618,-0.0043,0.5722,-0.85
197609,0.3924,2.1069,-0.2294,-1.4035,1.1188,0.9964,0.22
197610,0.4092,-2.4233,0.711,-1.1201,0.3243,-0.4868,-0.44
197611,0.444,0.309,3.4568,-0.2689,-0.4753,0.1493,2.89
197612,0.3579,5.6964,3.3012,1.8221,-1.1085,1.0763,0.73
197701,0.3594,-4.0293,6.018,0.99,-2.1441,1.6761,4.01
197702,0.3499,-1.9367,1.0765,0.1256,1.2463,0.4082,0.36
197703,0.3769,-1.3687,1.4446,-0.1641,0.3317,-0.3667,0.55
197704,0.4114,0.114,1.2502,1.2008,0.394,0.7442,4.21
197705,0.3855,-1.4659,1.4996,0.2077,1.7533,2.7093,2.03
197706,0.3716,4.739,3.0932,-0.7021,2.3262,2.9305,1.66
197707,0.3873,-1.6568,1.0074,1.0332,1.7145,2.3918,0.36
197708,0.4993,-1.8072,-0.2586,-0.9021,1.3871,-0.0814,-1.7
197709,0.433,-0.2699,1.4255,-0.0303,1.387,1.5197,2
197710,0.4943,-4.3844,1.4066,-0.5693,-1.0036,1.1235,-0.08
197711,0.4959,3.999,4.5653,1.232,2.5707,1.4899,2.01
197712,0.47,0.2831,1.4645,0.0767,1.2335,1.8089,1.58
197801,0.5374,-6.0475,2.2856,0.9892,-1.6999,0.2845,-0.66
197802,0.4941,-1.4121,4.0873,1.3223,0.0683,1.67,1.97
197803,0.5017,2.8714,3.3652,2.5273,0.0172,0.143,1.37
197804,0.5712,7.826,-0.0824,-0.3498,5.5164,0.556,0.86
197805,0.5317,1.7363,3.6659,0.9017,0.5084,0.5451,2.83
197806,0.5369,-1.6883,1.4101,0.4806,1.4368,1.2015,2.75
197807,0.5591,5.102,0.1973,0.2897,1.8154,2.6592,4.18
197808,0.555,3.7437,4.7011,1.1571,1.9141,0.6506,2.83
197809,0.5964,-1.4063,-0.7308,0.2503,-3.5431,-0.844,-3.14
197810,0.7498,-11.9729,-10.9771,0.6056,-1.1491,0.9919,-8.46
197811,0.7041,2.7186,4.0453,-1.0503,1.2959,1.5463,5.47
197812,0.7372,0.9239,0.4939,-1.0899,2.6744,2.4851,3.03
197901,0.7882,4.2092,4.2959,1.6757,-1.2149,-1.3198,-1.36
197902,0.7324,-3.5587,0.3742,-0.4869,-2.391,0.471,-1.06
197903,0.8928,5.5859,3.8601,0.7803,2.3604,0.5342,2.93
197904,0.8489,-0.1153,2.3636,0.7971,1.8657,-0.2849,0.81
197905,0.8161,-2.2031,0.5023,-0.0713,-0.6288,0.4436,-0.54
197906,0.7858,3.8639,0.8737,-0.8834,-1.0448,-1.7343,0.84
197907,0.841,0.7485,1.2846,0.6496,0.5454,-0.6536,-1.07
197908,0.7506,5.5385,1.6195,-0.3274,2.9163,-0.0151,-0.21
197909,0.7732,-0.7533,-0.0861,-0.135,0.6865,2.8441,5.28
197910,0.9621,-8.1786,-3.1784,0.0298,0.9917,1.6684,2.01
197911,0.9878,5.2074,2.1556,-2.5351,2.2845,-0.3745,8.14
197912,1.0209,1.7155,3.9693,-1.1101,1.234,-0.1797,4.78
198001,0.7968,5.4968,0.8236,1.3755,1.7091,0.3912,7.55
198002,1.0654,-1.3984,-1.5834,1.6355,2.3128,3.5816,7.88
198003,1.2009,-12.8933,-6.5922,0.758,-1.1889,-1.0137,-9.55
198004,1.2865,3.9336,1.3272,1.2171,0.156,1.4404,-0.43
198005,0.7883,5.2657,1.4455,-1.3668,-0.9026,-0.7841,-1.12
198006,0.6312,3.0402,1.3259,-1.1238,3.0751,0.8495,1.62
198007,0.5281,6.4915,3.7415,-2.2835,-0.4309,-3.3008,0.35
198008,0.5973,1.8486,4.7241,0.636,2.5095,1.5091,3.21
198009,0.8698,2.0675,0.8342,-0.4989,5.1692,2.3078,5.39
198010,0.8912,1.1257,1.1598,0.5113,4.0511,2.6543,7.3
198011,0.8895,9.6524,-5.0206,-1.8971,9.0081,0.889,15.22
198012,1.4149,-4.594,1.072,0.9228,-1.3007,0.1451,-6.68
198101,0.9957,-4.994,3.7136,2.4284,-4.8625,0.5626,-7.95
198102,1.0685,0.5716,-0.0128,1.8933,0.7188,1.6871,-1.35
198103,1.3157,3.4503,3.4407,-1.7882,-1.3251,-1.8552,0.74
198104,1.0756,-2.1749,4.1822,2.3542,1.3307,1.0888,-0.91
198105,1.0646,0.1985,2.4679,-0.5217,-0.0417,1.6626,3.7
198106,1.5158,-2.5099,-0.7592,2.7179,-0.0395,1.9106,-5.81
198107,1.1915,-1.4904,-1.6009,-1.9549,3.1499,-0.6191,-2.45
198108,1.2804,-7.0074,-1.3999,1.212,0.7439,2.2329,-1.15
198109,1.2794,-7.179,-1.6999,3.5847,0.6353,3.9739,1.95
198110,1.1685,4.9276,1.9648,-1.0037,4.7524,-1.0121,4.01
198111,1.103,3.3194,-1.5096,0.4675,0.5365,1.9895,-0.27
198112,0.8738,-3.6308,1.2699,1.9064,-0.4911,1.3694,1.3
198201,0.7306,-3.1709,-0.2738,2.0678,-1.437,0.8418,1.72
198202,0.9176,-5.8456,0.5093,4.7787,0.3372,3.5564,4.88
198203,1.1077,-1.9771,0.6494,1.7936,-1.6858,2.4862,2.96
198204,1.129,3.2698,0.46,1.1662,1.9106,0.7097,-0.4
198205,0.9592,-3.8098,-0.4029,-0.5056,-0.5057,0.9597,2.5
198206,1.071,-3.1715,1.139,2.7958,0.1052,3.4237,4.96
198207,1.021,-3.1612,1.7077,2.0544,2.7536,3.8311,4.44
198208,0.8342,11.0525,-3.4331,-0.505,-1.2626,-2.9382,-3.52
198209,0.5118,1.2969,3.0825,1.0496,3.5356,3.5036,4.19
198210,0.5475,11.3367,0.904,-1.0797,-0.7302,-0.9991,0.18
198211,0.7201,4.587,4.466,1.4721,3.1813,3.8231,5.94
198212,0.6289,0.6062,-0.7888,0.3665,-0.7166,-0.2713,0.04
198301,0.6864,3.5939,2.2053,-0.8305,-2.4005,-1.897,-1.74
198302,0.6186,2.5819,3.7613,1.6194,3.0421,2.0265,3.78
198303,0.6326,2.8195,1.5925,2.8987,1.126,2.0409,0.93
198304,0.6918,6.6887,-0.3492,2.1808,0.5583,2.3291,1.72
198305,0.7584,0.4543,6.1099,-1.4387,-3.5765,-3.8352,-1.56
198306,0.6661,3.0717,2.0999,-1.1252,1.5529,2.6153,1.8
198307,0.6917,-4.0181,0.6757,2.7773,1.1624,2.9737,-3.11
198308,0.8342,-0.5699,-4.6776,1.2103,-0.4173,0.3917,-5.43
198309,0.7607,0.9031,0.4313,1.3323,3.2539,2.9064,-0.03
198310,0.7433,-3.4257,-3.8621,2.641,1.6359,3.7354,-4.52
198311,0.7199,2.1443,2.08,1.1119,-0.2172,-1.7498,-0.13
198312,0.7039,-1.7478,-1.1451,1.3102,-1.5496,1.0785,0.84
198401,0.8083,-1.9567,-1.0195,2.3766,-3.7268,0.8835,-2.56
198402,0.7328,-4.7811,-1.8015,0.8912,-0.7739,0.6762,0.22
198403,0.728,0.6341,-0.129,0.6814,-0.6322,1.2598,1.07
198404,0.813,-0.5127,-0.9136,1.0722,2.1374,2.4198,2.07
198405,0.7898,-5.9695,-0.4435,-1.4646,1.78,1.7731,1.51
198406,0.7534,1.8032,0.4576,-2.2742,1.815,0.6613,-0.7
198407,0.8755,-2.7937,-2.3059,-1.3356,3.6298,2.97,2.83
198408,0.7963,10.288,0.2282,-0.428,0.9652,0.0264,-5.59
198409,0.8293,-0.7722,-0.7184,2.5924,0.1676,1.184,3.62
198410,0.9766,-0.8323,-1.4098,-0.3033,2.6699,1.8111,3.16
198411,0.7334,-1.7642,-1.0611,2.2176,0.7994,1.6373,1.64
198412,0.6923,1.7787,-0.4105,-0.8106,2.5112,1.3006,1.49
198501,0.6474,7.96,3.4367,-3.4516,0.9888,-1.6525,-6.82
198502,0.6033,1.1965,0.7616,1.0958,1.5322,2.2437,1.88
198503,0.616,-0.8419,-2.0585,3.3111,0.9456,2.0324,1.58
198504,0.7565,-0.9973,-0.6881,1.4012,0.1215,1.8021,3.04
198505,0.6062,5.1201,-1.6118,-1.2667,3.243,1.5286,3.99
198506,0.5546,1.2632,-0.5444,-0.1402,2.8783,1.6833,3.57
198507,0.6196,-0.7145,2.3504,-0.8343,-1.7883,1.3406,-3.91
198508,0.5792,-1.0296,-0.1602,2.0702,0.4266,1.0419,1.85
198509,0.6049,-4.5089,-1.8447,1.9424,1.1445,1.7479,1.51
198510,0.6021,4.0491,-0.1913,0.2881,2.233,2.8931,4.88
198511,0.6156,6.432,-0.2272,-1.643,1.7564,-0.9268,-0.47
198512,0.6139,3.9078,0.2882,-1.5031,1.7438,-0.9284,-0.23
198601,0.4865,0.7227,1.06,-0.6883,1.653,1.7818,3
198602,0.5296,7.1168,-0.3587,-1.4016,2.3756,0.8424,2.76
198603,0.5963,4.8772,0.6255,1.0909,2.0581,1.7081,2.41
198604,0.5341,-1.2944,1.066,-1.576,0.6493,0.0184,-0.36
198605,0.4934,4.6065,-1.1507,1.2884,3.3762,0.9818,2.05
198606,0.5246,1.0324,-0.2631,1.6555,5.2598,0.8818,5.07
198607,0.5011,-6.4162,-2.7392,1.3922,2.9692,2.7937,1.85
198608,0.4614,6.0496,-4.3752,3.0475,-2.709,1.6055,-5.28
198609,0.4783,-8.6058,0.5503,3.3766,-3.7962,-0.3482,-5.79
198610,0.4209,4.6836,-1.7598,0.5282,1.505,0.6012,4.46
198611,0.3924,1.1606,-1.9889,0.3816,1.1185,3.7262,-0.26
198612,0.4767,-3.2311,0.8446,1.0676,1.8948,1.6509,0.35
198701,0.4151,12.44,-1.2374,-1.2555,0.9573,2.8709,2.2
198702,0.4309,4.3789,3.3665,-1.9139,2.0684,-1.0583,-2.07
198703,0.5012,1.6041,-0.7151,4.2001,-1.1294,1.3212,1.68
198704,0.4285,-2.0802,-2.4687,0.3054,-1.5336,0.5546,0.22
198705,0.376,0.1082,-1.2157,-0.1208,-2.3436,-0.1604,-0.74
198706,0.5031,3.8854,-1.521,1.3763,1.4245,-0.1725,-0.25
198707,0.4058,3.8826,-2.0803,0.1168,-1.7888,-0.6461,2.66
198708,0.4744,3.517,-0.1983,-0.2478,3.8033,2.47,-0.86
198709,0.482,-2.614,0.6269,1.9312,0.5893,1.8371,0.77
198710,0.604,-23.1879,-7.4742,3.3505,0.3321,2.5122,-7.86
198711,0.3366,-7.731,3.269,0.5934,-0.6684,0.9005,-1.17
198712,0.2988,6.9067,0.2423,-2.4286,3.8977,1.5001,5.87
198801,0.2762,4.2247,-0.7423,1.3309,-4.0763,-1.7613,-7.27
198802,0.4564,4.7514,3.511,-0.597,1.0296,-0.5611,-1.47
198803,0.4402,-2.2571,5.7006,1.6541,-2.1572,-2.0542,0.58
198804,0.4577,0.565,0.9345,2.1932,0.6511,0.8805,2.24
198805,0.5051,-0.2803,-1.1958,0.5942,-0.1354,1.2654,0.63
198806,0.4832,4.7832,2.7853,-3.2605,2.2112,1.827,-2.93
198807,0.506,-1.2466,0.2162,1.1054,-1.1317,0.0362,0.65
198808,0.5957,-3.3012,0.0323,1.6719,-2.1552,-0.3743,0.35
198809,0.6145,3.2965,-1.4556,-0.42,2.1771,0.8003,0.27
198810,0.6074,1.1583,-2.8125,0.5013,0.056,0.6658,1.33
198811,0.5742,-2.2859,-1.928,1.3928,-0.4884,0.3857,0.33
198812,0.6306,1.4837,2.4204,0.4539,0.7818,0.3588,0.49
198901,0.5766,6.0493,-2.204,0.0107,-0.3507,1.5755,-0.16
198902,0.611,-2.2487,2.9516,1.5631,-0.4588,-0.1775,0.99
198903,0.6213,1.6143,1.3323,1.2637,-0.142,0.7625,3.51
198904,0.681,4.3084,-0.9415,-0.2841,1.1641,-0.2366,1.77
198905,0.8006,3.324,0.0394,0.1016,1.1975,0.4101,1.52
198906,0.7147,-1.3768,-0.7322,1.593,-0.1521,-0.945,0.43
198907,0.704,7.1685,-3.464,-0.4503,4.9063,2.513,5.39
198908,0.6684,1.5108,0.484,-0.4255,1.6506,0.1417,-0.12
198909,0.6387,-0.755,0.7698,1.1982,1.6439,1.9521,3.4
198910,0.682,-3.6616,-3.3543,1.2994,1.4077,2.3565,1.32
198911,0.634,1.0797,-1.3396,1.6323,0.2406,-0.6157,2.6
198912,0.5941,1.1757,-1.9468,1.5752,1.0677,2.4412,2.8
199001,0.5852,-7.8121,-1.2188,0.925,0.0355,-0.2233,-3.27
199002,0.5818,1.1005,1.1796,-1.0948,-0.3925,0.0922,-0.54
199003,0.638,1.8341,1.2208,-0.3645,2.2864,1.6764,1.8
199004,0.6829,-3.349,-0.4983,-0.7918,1.9801,0.5974,2.39
199005,0.6404,8.4551,-1.6378,-0.8619,3.7369,2.6182,3.03
199006,0.5898,-1.0525,1.845,0.2453,2.2253,-0.2247,2.4
199007,0.6704,-1.8917,-2.4684,4.0112,2.5571,0.0433,6.14
199008,0.6154,-10.0751,-4.526,3.7203,-0.9983,1.2578,1.88
199009,0.5984,-6.1127,-3.4191,2.6212,-0.4552,2.6916,5.78
199010,0.6559,-1.8953,-5.0423,0.2605,2.077,3.0868,6.71
199011,0.5651,6.3399,0.4489,-3.9833,1.5215,-0.8148,-5.48
199012,0.5989,2.4606,1.3158,-1.9466,3.8535,1.5238,0.29
199101,0.4637,4.7364,3.3624,-3.9503,0.1591,1.585,-6.45
199102,0.4767,7.1852,3.6299,0.1463,-1.2402,-0.6823,-4.61
199103,0.4391,2.6593,3.9312,-0.9285,1.6779,0.1004,2.87
199104,0.5335,-0.2777,-0.7093,0.4677,1.3981,0.6058,-2.36
199105,0.4461,3.6749,-0.5648,-1.9526,-0.7118,-1.0608,-0.11
199106,0.4171,-4.9394,0.0591,0.6135,1.3683,0.4787,0.47
199107,0.484,4.2415,-0.5313,-0.656,3.061,0.3612,4.24
199108,0.461,2.315,1.2954,-0.0464,1.1455,-0.2482,1.57
199109,0.4558,-1.5905,1.8119,-0.824,-0.367,0.2138,1.79
199110,0.4246,1.2859,0.554,1.3506,-0.0233,3.2052,3.06
199111,0.3915,-4.1854,-0.2715,0.2786,3.3179,0.4173,1.14
199112,0.3792,10.8282,-1.4904,-2.0414,6.7612,-0.4691,8.19
199201,0.3059,-0.5576,8.3502,1.5127,-4.1068,1.542,-2.49
199202,0.2828,1.0845,1.4008,2.2591,0.7471,2.2073,-0.53
199203,0.3376,-2.654,-1.2085,1.9963,1.013,1.9936,-0.29
199204,0.3303,1.0759,-6.9442,1.7888,-1.7091,1.9739,-2.58
199205,0.2758,0.2999,-0.2592,0.2978,-0.2058,-0.7497,0.21
199206,0.3201,-2.3291,-2.639,0.6456,1.0292,0.7977,-0.58
199207,0.2892,3.7905,-0.8361,0.4045,2.5413,0.0568,1.59
199208,0.2605,-2.3768,-0.3076,-0.7904,1.5188,-0.9025,-0.51
199209,0.2573,1.1929,0.6785,-0.3989,2.3975,-0.8834,1.5
199210,0.2286,1.016,1.5417,-0.374,2.1317,0.5956,2.48
199211,0.2346,4.1282,3.6824,-1.1853,0.9419,-0.1686,-0.15
199212,0.227,1.5885,2.7403,1.4042,1.8351,1.0366,4.31
199301,0.2335,0.9306,2.3205,2.9756,-1.4524,0.0247,4.84
199302,0.2209,0.1217,-3.3241,3.6485,-1.4498,2.393,3.14
199303,0.2538,2.3138,-0.0213,0.9153,1.8026,0.5161,3.73
199304,0.2372,-3.0466,-1.1614,1.2062,-3.0094,2.0753,0.38
199305,0.2168,2.8845,1.8028,-0.8324,-0.5745,-0.3593,0.22
199306,0.2756,0.2822,1.5873,1.8188,3.0181,1.4058,4.55
199307,0.2402,-0.344,1.3951,1.4477,-0.5825,0.7912,3.19
199308,0.253,3.7117,-0.0209,-0.0505,0.4747,0.7651,2.65
199309,0.2356,-0.1006,3.1012,0.2582,0.9326,1.4091,3.37
199310,0.221,1.4145,0.4139,-0.5567,-1.4235,-1.1779,-2.72
199311,0.2477,-1.8646,-1.8754,-0.7414,-0.7395,0.1227,-4.74
199312,0.2263,1.6455,2.1113,-0.2615,2.3815,2.2577,2.36
199401,0.2503,2.8658,0.1606,1.124,-0.9212,0.9317,0
199402,0.212,-2.5445,2.6566,-0.4777,2.6552,1.6046,-0.3
199403,0.2469,-4.7557,-0.9444,0.9631,0.2169,1.2552,-1.27
199404,0.2711,0.6802,-0.8153,1.284,1.5378,1.5313,0.39
199405,0.315,0.5799,-1.9768,0.5332,-0.7439,1.2084,-2.19
199406,0.3118,-3.0381,-0.8432,0.8985,0.1797,1.3259,-0.87
199407,0.2751,2.8162,-1.4321,0.4259,0.7148,-0.1256,0.1
199408,0.3687,4.0149,2.0904,-0.6915,2.061,2.6728,1.55
199409,0.3659,-2.2847,2.2081,0.5879,1.0911,0.894,1.31
199410,0.384,1.3464,-1.82,0.1615,0.3556,2.476,1.49
199411,0.3691,-4.0277,0.5354,-1.0043,1.3703,1.4395,-0.18
199412,0.443,0.8589,1.1739,1.2933,3.9844,3.6683,3.48
199501,0.4156,1.7978,-2.4308,-0.0027,-0.063,1.1994,-1.81
199502,0.3983,3.6324,-0.6967,-0.8486,0.5097,1.2134,-0.39
199503,0.4134,2.2365,-1.2146,0.1684,1.2655,0.7729,0.43
199504,0.445,2.1075,-0.0076,0.0068,0.142,3.4525,1.79
199505,0.5355,2.8944,-2.2038,0.8586,-1.0066,1.4665,-0.42
199506,0.4714,2.7154,3.2191,-1.7466,2.1275,1.8057,2.93
199507,0.4522,3.7124,1.7624,-2.5443,0.9451,0.3082,2.57
199508,0.4637,0.552,2.3542,2.1996,0.1377,1.2945,0.16
199509,0.4309,3.3514,-0.7905,1.9328,1.3917,3.123,2.9
199510,0.4714,-1.5134,-5.0247,0.7822,2.7798,4.4585,4.16
199511,0.4108,3.9629,-0.7575,1.1262,-0.2398,-1.2686,-0.68
199512,0.4882,1.0392,0.6315,3.1163,0.2794,0.4029,2.52
199601,0.4278,2.2598,-2.6865,2.451,-1.5087,1.4014,0.54
199602,0.3908,1.3296,2.7354,-0.9876,3.1394,0.7299,0.59
199603,0.3943,0.7287,1.873,-0.6897,0.2756,-1.3198,-1.84
199604,0.4579,2.0648,5.1852,-1.8073,2.8673,1.1692,-0.88
199605,0.3982,2.3872,4.4631,1.0265,1.864,-1.4412,1.54
199606,0.4,-1.134,-4.2992,1.7381,0.866,1.7042,0.98
199607,0.4497,-5.9558,-3.3587,2.0165,2.415,2.9389,-0.17
199608,0.4122,2.7697,2.4811,-1.8529,0.1305,-1.3885,0.01
199609,0.4375,5.0077,-1.4457,-1.7381,2.2071,2.9315,2.7
199610,0.4246,0.8673,-2.4195,3.6633,1.8831,3.2276,3.79
199611,0.3941,6.2603,-3.5327,-1.3109,0.8165,5.3891,-2.37
199612,0.4404,-1.679,3.3237,1.2254,0.9371,1.7252,0.63
199701,0.4014,5.013,-0.7925,-0.6468,1.8122,2.5869,1.96
199702,0.3788,-0.4744,-2.4667,2.9153,-1.5374,0.5919,-2.13
199703,0.431,-5.0188,-0.5279,1.7515,1.7709,0.2063,0.9
199704,0.4313,4.0341,-4.7258,-1.8801,3.8599,3.018,4.84
199705,0.4263,6.7964,5.0194,-3.2305,-0.2201,-1.4875,-5.17
199706,0.3744,4.0933,1.0326,0.2313,2.1092,0.1204,2.6
199707,0.4294,7.3152,-1.4173,-3.0399,1.2853,1.2828,3.79
199708,0.4058,-4.0954,7.4958,-0.7063,-1.4193,0.4387,-2.56
199709,0.4576,5.3264,2.435,-0.1259,-1.0418,-2.61,1.47
199710,0.3911,-3.7644,-1.0927,2.6609,-1.0477,-1.4188,-0.57
199711,0.3773,2.9981,-5.5215,2.8806,1.4026,3.6357,0.33
199712,0.4629,1.348,-2.2243,2.2367,1.572,-2.4011,3.98
199801,0.4204,0.1509,-1.216,-1.2061,2.1884,2.597,0.14
199802,0.3847,7.0327,1.0586,-2.453,1.1388,-0.2961,-1.12
199803,0.4485,4.7031,-0.3378,0.4996,-0.1759,-1.0942,2.15
199804,0.4308,0.7322,0.4966,0.1837,-0.1992,2.2962,0.74
199805,0.3805,-3.0412,-2.6343,2.2555,1.7795,1.0565,1.82
199806,0.4021,3.1843,-3.2848,-1.5148,3.159,0.4236,7.28
199807,0.3873,-2.413,-5.7048,1.8843,0.9703,2.8081,3.73
199808,0.4012,-16.0284,-6.1864,5.4602,3.0578,6.7132,1.84
199809,0.3875,6.2602,-2.0594,-3.0814,-1.8263,1.275,-0.81
199810,0.3353,6.9971,-2.1685,-0.9607,0.6384,-0.5139,-5.37
199811,0.3233,6.0495,0.8957,-0.0256,1.37,1.295,1.2
199812,0.3779,6.1323,-1.8735,-2.9332,2.9291,-2.2554,8.92
199901,0.3494,3.4908,-1.8912,-4.4699,-3.2508,-1.0676,3.03
199902,0.3372,-4.0599,-4.2284,4.8135,0.016,0.011,-0.1
199903,0.4076,3.4926,-5.5833,0.3158,-0.6922,0.3997,-1.27
199904,0.3784,4.3249,3.9806,2.6555,-5.152,0.444,-9.04
199905,0.3463,-2.4584,4.945,0.4504,0.6804,1.8903,-5.19
199906,0.4098,4.7478,3.1512,-2.1112,2.391,4.329,5.06
199907,0.3658,-3.4788,2.264,3.4338,1.0281,1.9786,1.66
199908,0.3876,-1.3686,-1.5514,-1.1989,-0.0297,4.6299,3.12
199909,0.3705,-2.7545,1.7307,-1.3826,-0.1695,-1.0359,6.47
199910,0.3581,6.1243,-5.6493,0.3316,2.0317,1.7882,5.5
199911,0.3811,3.3619,5.7518,-3.931,-3.0073,1.1586,5.64
199912,0.3764,7.7532,4.1765,-5.4904,-5.4444,-0.6029,13.22
200001,0.4343,-4.7631,5.6171,2.9355,-4.9998,0.6306,1.92
200002,0.4295,2.4578,22.1445,-5.3931,-7.5531,-3.1129,18.2
200003,0.4377,5.2267,-14.402,1.835,7.6849,3.508,-6.83
200004,0.4595,-6.3784,-4.8608,3.7871,8.7092,5.105,-8.39
200005,0.4782,-4.369,-4.595,0.5085,0.0196,3.7028,-8.98
200006,0.3744,4.6562,10.2649,-3.3905,-4.7546,-1.8045,16.61
200007,0.4772,-2.42,0.995,2.2468,3.4292,3.2749,-0.1
200008,0.5002,7.0279,0.4492,-0.7996,-2.082,-1.098,5.73
200009,0.5093,-5.4347,1.6354,5.2247,2.1026,0.7955,1.97
200010,0.5217,-2.7431,-2.223,2.9226,7.3215,6.4705,-4.48
200011,0.4966,-10.6882,1.5397,7.4487,10.3593,10.9018,-2.32
200012,0.4909,1.1951,4.6807,6.3542,5.186,0.5126,6.74
200101,0.5243,3.2649,2.7241,-7.1285,-10.7883,-6.1594,-25.3
200102,0.3653,-10.0213,2.8908,9.2226,5.1517,6.3589,12.57
200103,0.432,-7.2697,2.9526,3.7573,3.459,2.6587,8.55
200104,0.3864,7.9372,-0.9184,-3.7563,0.0915,-5.4515,-7.9
200105,0.3183,0.6859,4.3574,2.3801,-2.5149,-0.2513,2.21
200106,0.2778,-1.9318,6.7189,-1.7996,-0.7916,1.9722,0.38
200107,0.2999,-2.1316,-2.1192,1.3768,3.9508,5.5121,5.58
200108,0.2996,-6.3876,2.3699,5.641,4.3155,5.6455,5.53
200109,0.273,-9.2406,-4.9253,2.8644,9.1919,5.7667,11.48
200110,0.2154,2.4885,3.4911,-2.9706,-4.3929,-0.5555,-8.47
200111,0.1749,7.529,-1.3906,-1.1391,-8.4893,-2.9927,-8.69
200112,0.1484,1.6088,5.3189,-0.1761,0.5421,-2.257,0.07
200201,0.139,-1.4322,0.7237,3.2498,0.3033,4.2877,3.75
200202,0.1285,-2.292,-0.4922,4.4456,5.3235,3.7643,6.82
200203,0.1341,4.2381,4.6098,0.7761,-4.7001,-0.5528,-1.64
200204,0.1546,-5.2055,7.5846,4.0731,5.4639,4.0819,7.63
200205,0.1442,-1.3564,-3.1795,2.1865,1.8111,0.6156,3.16
200206,0.1312,-7.2085,3.5661,3.5485,4.9409,0.5052,6.03
200207,0.1507,-8.19,-6.3911,1.9786,6.7016,4.9683,3.74
200208,0.1402,0.4937,0.0007,-0.8574,2.5491,-1.7192,1.9
200209,0.1414,-10.3257,3.12,-2.1364,4.4049,1.1299,9.13
200210,0.1334,7.8301,-5.1206,0.2843,-4.5614,1.5123,-5.58
200211,0.1166,5.9526,1.496,3.2719,-11.1725,-3.1022,-16.33
200212,0.1079,-5.7527,0.0671,-2.2589,5.3188,2.2776,9.64
200301,0.0934,-2.5618,-0.9824,0.6982,-0.589,0.7808,1.55
200302,0.0871,-1.8826,-2.0245,-0.1272,0.8778,1.3997,1.17
200303,0.102,1.0908,1.4039,-0.1257,3.4092,-0.9347,1.48
200304,0.0939,8.1807,2.3547,1.0369,-4.4513,-2.9391,-9.33
200305,0.0903,6.0466,3.8174,1.848,-8.2331,-1.6245,-10.7
200306,0.0984,1.4214,2.221,-1.0629,1.0948,-0.1291,-1
200307,0.0674,2.3359,4.3762,2.3405,-1.7422,-0.8789,-0.32
200308,0.0689,2.3282,2.2397,2.3621,-1.2384,-1.6327,-0.62
200309,0.0865,-1.2402,0.6889,0.2279,1.2631,2.3261,-0.19
200310,0.07,6.0782,3.0474,1.031,-1.7507,-0.5642,3.99
200311,0.0725,1.3469,2.1957,2.3052,0.7767,0.5379,1.46
200312,0.0831,4.283,-2.7811,0.774,-1.7394,-1.3486,-5.57
200401,0.0696,2.1525,3.1121,2.0585,-2.4364,0.837,2.58
200402,0.0623,1.3997,-0.3075,-0.8855,2.1354,-0.0152,-1.14
200403,0.0844,-1.3163,2.5218,-0.7352,1.7567,-1.0578,0.17
200404,0.0795,-1.8184,-3.2185,-2.9001,0.0193,1.427,-5.38
200405,0.0603,1.1742,-0.3819,0.551,1.068,-0.2178,1.5
200406,0.0817,1.8607,2.2399,-0.2618,0.5621,0.6322,2.05
200407,0.0919,-4.0549,-3.3502,-0.9772,2.4066,3.0646,-2.28
200408,0.1116,0.0745,-1.5163,-1.1996,-1.2272,0.176,-1.59
200409,0.1185,1.5958,3.7951,-2.2121,-0.2123,-1.6176,5.49
200410,0.1129,1.4237,-0.7841,0.584,-1.4399,0.0033,-1.38
200411,0.1541,4.5362,4.4728,-0.4263,-1.1342,-1.6565,3.16
200412,0.1672,3.4131,-0.041,0.3018,-0.8597,-1.1293,-2.87
200501,0.1661,-2.7543,-0.3941,-0.4036,3.2457,1.2576,3.05
200502,0.1641,1.8819,0.1469,0.2917,3.5726,0.6662,3.37
200503,0.2123,-1.9348,-1.7448,0.9394,0.535,1.8949,0.41
200504,0.2072,-2.6089,-4.4794,-1.4563,-1.1019,2.1604,-0.69
200505,0.2395,3.6511,2.9656,-0.0579,0.9641,0.4258,0.45
200506,0.2263,0.571,3.8096,-0.1983,-0.4264,-0.4162,2.05
200507,0.2383,3.9143,2.7307,-2.0741,-0.2056,-0.4032,0.06
200508,0.292,-1.1886,-0.7894,0.2365,-0.6858,-0.6057,2.08
200509,0.2848,0.4859,0.006,-0.0283,0.858,0.2596,3.43
200510,0.2728,-2.0446,-0.5142,-0.3185,1.1029,-0.5479,-1.39
200511,0.3045,3.6182,1.2181,-1.0467,0.7767,-0.6024,0.35
200512,0.316,-0.2427,-0.0272,0.8831,0.2219,1.0851,0.77
200601,0.3488,3.0377,6.4402,-0.6827,-0.2638,0.8754,2.53
200602,0.3322,-0.2928,-0.389,2.4367,-1.0088,-1.0037,-1.84
200603,0.3642,1.4648,3.1186,-1.346,0.7682,-0.7847,1.26
200604,0.3559,0.7296,-0.3044,0.3425,0.8234,-0.1292,0.61
200605,0.4195,-3.5448,-3.5172,1.325,-0.0888,-1.598,-3.7
200606,0.397,-0.3492,-0.3339,-0.3929,1.043,0.6258,1.54
200607,0.3976,-0.776,-3.1601,1.3515,0.545,3.2009,-2.13
200608,0.4283,2.0201,0.4272,1.9357,-1.3436,-0.1446,-3.38
200609,0.4047,1.8459,-0.9658,0.9846,0.6327,0.9511,-0.96
200610,0.4076,3.226,1.9769,0.2011,-0.2861,0.445,-0.2
200611,0.4243,1.7004,0.3938,-1.5991,0.485,-0.8997,-1.03
200612,0.4036,0.8638,-0.0015,1.8288,-0.5587,-1.2249,0.79
200701,0.4328,1.3927,-0.095,0.6304,0.0206,0.0683,0.24
200702,0.3837,-1.9559,1.4278,-0.9739,-0.7456,-0.0687,-1.35
200703,0.4257,0.6903,-0.1825,-1.1944,0.4356,-0.2037,2.56
200704,0.4348,3.4828,-1.7342,0.848,0.5436,1.1127,-0.24
200705,0.4046,3.2409,-0.2543,-2.3087,0.5236,0.1331,-0.34
200706,0.3918,-1.949,0.5452,0.9511,1.2065,-0.5937,0.51
200707,0.3962,-3.7154,-3.0159,-2.2891,1.6369,0.0496,2.94
200708,0.4205,0.9173,-0.8207,-1.3054,0.9418,0.4943,0.1
200709,0.3347,3.2021,-2.4039,-3.2183,1.6356,-0.4745,4.63
200710,0.3212,1.8018,0.377,0.4577,1.2265,0.3453,5.02
200711,0.3395,-4.8017,-3.0218,0.1851,3.588,1.4361,0.99
200712,0.2921,-0.8795,0.6489,-0.6012,2.3193,1.0642,6.63
200801,0.243,-6.3719,-0.7217,1.3807,-0.2969,-0.8164,-7.75
200802,0.1325,-3.0844,-0.8748,-1.5137,1.7981,1.36,6.1
200803,0.1869,-0.9534,0.5805,-0.353,2.3754,-0.0305,4.27
200804,0.1025,4.6755,-0.9362,-2.312,-0.8075,3.3207,-0.31
200805,0.0946,1.942,2.5324,-0.3546,-0.3367,0.0761,3.31
200806,0.175,-8.4289,1.8834,-0.1934,6.3621,1.0367,12.75
200807,0.144,-0.7584,5.9805,1.8218,0.013,-0.0734,-5.07
200808,0.1282,1.5211,1.8217,0.9425,-0.8718,2.079,-4.02
200809,0.153,-9.2921,0.6309,3.1596,1.5906,3.4517,0.28
200810,0.0792,-17.1779,-3.4757,1.0558,5.8964,6.7538,7.85
200811,0.0228,-7.7501,-5.2005,0.5052,3.5072,2.1843,7.17
200812,0.0029,1.7427,3.6023,-2.345,-0.5559,-0.8413,-5.09
200901,0.0023,-8.1113,-2.9342,-0.9212,-0.7728,2.4051,-2.18
200902,0.0147,-10.0887,-1.5731,-1.854,2.9625,2.8875,4.41
200903,0.0159,8.9657,0.9871,-0.448,-3.3694,0.0801,-11.87
200904,0.0125,10.1649,7.2758,3.5028,-13.8308,-1.7967,-34.3
200905,0.0017,5.2051,-1.3216,-2.419,-3.3204,-0.5583,-12.49
200906,0.0075,0.4284,3.7486,0.5164,0.8967,2.4952,5.48
200907,0.0119,7.7115,1.6912,1.9782,-4.8912,-1.0287,-5.58
200908,0.0116,3.3288,0.8676,2.2617,-2.6003,-1.5815,-9.07
200909,0.0079,4.0766,2.4647,-1.155,-2.8169,-2.6301,-4.79
200910,0.004,-2.5535,-4.6122,-0.2446,3.9462,2.9368,2.61
200911,0.0004,5.5694,-2.3833,-0.3542,1.0291,-0.3254,0.3
200912,0.0062,2.746,4.8164,-0.183,-1.8549,-0.126,3.02
201001,0.0028,-3.3494,0.3752,0.6789,-1.067,-0.6848,-5.4
201002,0.001,3.3894,1.5236,0.7583,-1.0406,-0.5169,3.74
201003,0.0068,6.3066,2.0221,1.5744,-0.5104,-1.6988,3.76
201004,0.0111,1.9985,3.9038,3.0529,-2.4888,-2.3485,3.16
201005,0.0112,-7.8914,0.048,-0.4512,2.7156,1.7369,-0.25
201006,0.0127,-5.5538,-2.3714,-2.4633,1.3288,1.9251,-2.76
201007,0.0142,6.9088,0.4811,1.2242,-0.8529,0.3616,1.83
201008,0.0126,-4.7708,-3.6375,-1.777,-0.5599,-0.6431,-0.06
201009,0.0125,9.5407,3.9473,1.1549,0.5214,0.0482,1.41
201010,0.0112,3.8695,0.6884,-0.0068,0.6453,0.4416,1.58
201011,0.0114,0.5951,3.6487,1.8594,-0.0799,-0.6138,2.66
201012,0.014,6.8138,0.4459,3.0261,-3.6697,-2.2435,-3.03
201101,0.0066,1.9892,-2.0115,1.316,0.5566,-1.3438,-0.29
201102,0.0122,3.4831,1.3916,1.4321,-1.6578,-0.8146,1.99
201103,0.0067,0.4538,1.8477,-0.1252,-0.9511,0.2831,3.4
201104,0.0053,2.8954,-0.8838,-0.9692,1.5871,1.0881,0.04
201105,0.0013,-1.2689,-0.8715,-1.0161,0.1308,1.3797,-0.62
201106,0.0035,-1.7419,0.4603,-1.152,2.8109,1.0009,1.78
201107,-0.0028,-2.3488,-1.7742,-2.0383,0.7348,0.659,0.16
201108,0.0083,-5.9801,-3.7196,-1.3168,2.562,2.7195,-0.28
201109,-0.0001,-7.5695,-4.7805,0.0766,-0.7641,4.899,-2.42
201110,0.0014,11.3324,5.1816,-0.5881,2.1402,-1.7028,-1.43
201111,0.0004,-0.2796,-1.1335,1.5253,0.5804,1.2147,3.85
201112,0,0.7396,0.1225,2.6695,1.1493,-0.6067,1.81
201201,-0.0002,5.0531,2.7843,-0.574,-0.6313,-1.312,-7.93
201202,0.0031,4.4179,-0.6734,0.0789,0.2919,0.0126,-0.29
201203,0.0046,3.1094,0.7124,1.4304,1.658,1.7917,1.3
201204,0.0029,-0.8431,-1.1503,0.9546,1.001,-0.3668,3.75
201205,0.0065,-6.171,-0.8859,2.6812,1.6158,2.338,6.49
201206,0.0022,3.8919,1.492,1.0221,-1.7624,0.3348,-1.06
201207,0.0032,0.7869,-3.0753,0.5147,1.5424,0.9827,3.02
201208,0.005,2.5482,1.4133,-1.4557,-0.497,-0.4037,-2.37
201209,0.0067,2.7322,1.1788,1.1835,0.1886,-0.6612,-1.14
201210,0.0037,-1.7522,0.2195,1.8577,0.4583,-3.7334,0.14
201211,0.0085,0.7763,0.3564,0.8217,1.7154,0.152,0.49
201212,0.0103,1.1755,2.4232,-0.8302,-1.9967,-2.6321,-2.86
201301,0.0022,5.5689,0.1915,1.5404,-2.0971,-1.638,-1.79
201302,0.0054,1.2861,-0.615,0.7541,0.1036,0.4262,1.29
201303,0.0041,4.0339,1.0765,1.292,0.487,-1.161,1.92
201304,0.0037,1.5537,-2.8557,0.1152,-1.0136,-0.2819,0.22
201305,0.0012,2.8026,3.5166,-1.6526,-0.3975,-1.4219,-2.02
201306,0.0013,-1.1911,0.7617,0.7006,-0.1341,0.5964,0.52
201307,0.0009,5.6434,2.0945,0.6474,-0.4746,-1.124,1.75
201308,0.0009,-2.7045,-0.208,-1.7841,0.5497,0.1587,0.02
201309,0.0008,3.7668,2.4397,-0.7254,-0.9967,-1.0133,3.07
201310,0.0017,4.1692,-1.6177,1.1611,1.337,0.7823,0.08
201311,0.0032,3.1222,1.9293,0.0148,1.5473,1.2051,0.44
201312,0.0023,2.8046,-0.4381,0.7392,-0.1739,-1.7385,0.02
201401,0.0012,-3.318,0.3303,-0.2918,-2.3112,0.3524,1.71
201402,0.0045,4.6489,-0.3064,-0.6297,-1.4762,-0.0343,2.07
201403,0.0028,0.4309,-0.1623,2.7038,1.7701,1.5414,-3.29
201404,0.0015,-0.1877,-4.6866,0.8015,1.0756,0.6894,-3.89
201405,0.0008,2.0616,-2.0366,-0.9378,-0.6562,0.5021,0.88
201406,0.002,2.6074,2.2426,-2.6584,-2.5842,0.2626,0.69
201407,0.0013,-2.0374,-3.5626,0.7158,1.1954,1.2346,-0.16
201408,0.0003,4.2326,0.4495,-0.9247,0.1376,0.233,0.82
201409,0.0004,-1.9679,-3.1032,-0.3111,3.0595,2.1813,0.5
201410,0.0012,2.5083,3.6349,0.5516,1.7167,-0.1556,-0.06
201411,-0.0001,2.5472,-2.0077,0.2967,2.4103,0.4488,0.69
201412,0.0005,-0.0601,2.7686,0.4711,-0.652,0.2952,1.12
201501,0.0013,-3.1017,-1.5654,-1.0529,-0.3354,1.4077,3.84
201502,-0.0021,6.1301,0.8189,-1.3982,0.0923,-0.8935,-2.82
201503,-0.0008,-1.1028,2.8166,-0.2615,0.8324,-0.018,2.74
201504,0.0029,0.5907,-3.7918,-0.8011,-2.1972,-0.2334,-7.27
201505,-0.0005,1.3612,1.735,-0.612,1.4466,0.2893,5.81
201506,0.0004,-1.5273,2.8606,-2.4461,1.2477,-0.6691,3.01
201507,-0.0037,1.5462,-4.0769,-2.7366,4.3394,2.6044,10
201508,0.0027,-6.0265,0.5025,1.1604,0.7607,0.2546,-2.09
201509,-0.0006,-3.0702,-3.3863,0.3173,4.2461,3.4688,5.22
201510,-0.0027,7.7465,-2.783,0.6276,-2.3746,1.0524,-3.28
201511,0.002,0.562,3.4693,-0.5508,-1.7131,0.4729,2.28
201512,0.0103,-2.1658,-2.0882,0.328,2.9245,3.2155,3.35
201601,0.0037,-5.756,-2.8219,2.7808,5.3238,4.792,1.44
201602,0.0205,-0.0738,0.4861,1.7188,2.0303,-0.1342,-4.38
201603,0.019,6.9541,1.0415,-0.7057,-2.124,-2.7595,-5.01
201604,0.0051,0.9179,0.1063,1.2916,-7.2347,-5.2387,-6.02
201605,0.0115,1.7718,-0.5063,-2.265,0.9582,2.2386,1.42
201606,0.0188,-0.0422,-0.3453,0.5038,0.2537,-0.874,4.13
201607,0.0171,3.9508,2.3329,-2.1967,-0.5197,2.2517,-3.34
201608,0.0165,0.497,0.9481,-0.193,-2.4067,-0.3863,-3.49
201609,0.0219,0.2636,0.9906,0.2104,-3.1894,-0.9297,0.19
201610,0.0168,-2.0217,-3.41,0.8077,3.0288,2.0286,0.6
201611,0.0136,4.8631,6.4972,2.913,-1.1087,-2.5273,-4.62
201612,0.0239,1.8153,0.6248,-0.2604,1.53,0.8567,-0.26
201701,0.0358,1.9357,-1.877,-2.0676,-1.3148,0.6337,-0.93
201702,0.0364,3.5594,-1.6847,-2.2535,2.0022,2.3822,-1.65
201703,0.0353,0.1676,1.2369,-1.3076,1.8774,1.2449,-1.02
201704,0.0537,1.086,0.576,-1.5408,1.0121,1.684,0.48
201705,0.0614,1.0602,-2.5609,-1.6597,1.3181,2.6917,1.48
201706,0.0617,0.7961,3.0378,-0.4684,-1.29,-1.8761,-0.09
201707,0.0722,1.8657,-1.1248,-0.4301,1.5305,1.0232,1.62
201708,0.0827,0.1617,-1.4073,-2.8366,0.4774,1.5301,3.26
201709,0.0944,2.5062,4.9092,3.1398,0.4383,-1.7976,-1.32
201710,0.084,2.2519,-1.3238,-3.2968,1.4109,2.8974,4.27
201711,0.0826,3.1198,0.2046,-0.4945,1.8721,1.1391,-0.87
201712,0.0884,1.0539,-0.9144,1.7407,0.3282,-1.0643,-1.54
201801,0.1121,5.5753,-2.7664,-1.293,-1.2928,2.6001,4.05
201802,0.1073,-3.6478,0.1879,-1.6978,-0.764,4.466,3.58
201803,0.0261,-2.2541,2.8131,-0.1096,0.1904,0.4646,-1.13
201804,0.1433,0.2834,0.2739,1.5854,-0.0276,-0.8116,0.36
201805,0.1401,2.6466,4.7956,-1.214,-1.8397,2.242,3.89
201806,0.1408,0.4887,0.6253,-0.393,1.4276,0.0886,-2.35
201807,0.1558,3.1964,-1.3092,0.4743,1.9927,1.4167,-1.41
201808,0.1575,3.4459,1.4355,-2.334,0.3874,4.1681,5.29
201809,0.149,0.0589,-3.0639,1.422,0.7044,0.973,0.04
201810,0.189,-7.6474,-4.7588,4.1721,1.298,-0.7515,-2
201811,0.1795,1.7054,-0.8371,-0.9318,0.6989,2.7812,-1.37
201812,0.193,-9.5432,-3.0732,-0.8158,1.3127,2.5216,2.11
201901,0.192,8.4128,2.0385,-1.0008,-4.0017,-7.1495,-8.68
201902,0.1809,3.3944,1.1523,-2.5575,0.5466,1.2502,0.86
201903,0.1935,1.1031,-3.3245,-0.5028,-0.0494,0.6624,2.21
201904,0.2125,3.9574,-0.233,-2.5445,2.0809,1.0648,-2.97
201905,0.1983,-6.9261,-1.9122,1.495,0.7321,0.169,7.56
201906,0.1853,6.9244,-0.5222,-0.3023,-0.1628,-0.3229,-2.3
201907,0.1783,1.2207,-1.5982,0.1843,0.5193,1.3086,2.75
201908,0.1908,-2.6036,-4.1989,-1.0035,1.8977,1.4881,6.92
201909,0.1787,1.4305,1.4387,2.9671,1.6995,-1.8666,-6.81
201910,0.1531,2.0588,0.8309,-0.64,0.8606,1.945,0.15
201911,0.1197,3.8643,0.0197,-1.029,-1.2984,-0.6457,-2.66
201912,0.1431,2.7659,1.2755,1.804,-1.3106,-0.8055,-1.77
202001,0.1164,-0.0927,-4.7408,-2.4131,-0.4183,2.4784,5.98
202002,0.1208,-8.1294,-1.3645,-2.2233,-0.4449,1.4416,-0.4
202003,0.1268,-13.3787,-8.3933,2.1259,5.8489,11.8307,7.97
202004,0.0003,13.5916,3.3014,-0.1369,-2.1095,-2.2196,-5.23
202005,0.0059,5.5815,2.4767,-3.7098,-0.6147,0.6912,0.42
202006,0.0111,2.4587,2.2933,0.2533,1.1584,1.7125,-0.73
202007,0.0096,5.7694,-1.4121,-1.2834,3.4213,1.7869,7.64
202008,0.0079,7.6269,-2.224,-2.7625,-0.7472,-1.6586,0.55
202009,0.0076,-3.627,0.2818,-2.2241,1.1241,0.8326,3.14
202010,0.0073,-2.1007,2.8259,-0.6775,-2.5423,0.0772,-3.04
202011,0.0066,12.4689,4.0371,3.294,-14.4379,-9.6046,-12.43
202012,0.006,4.6309,4.192,-2.7803,-4.1554,-0.9909,-2.32
202101,0.0046,-0.0188,8.4978,6.367,-1.9661,-7.2774,4.5
202102,0.0045,2.7754,4.452,-0.9147,-6.1641,-5.474,-7.89
202103,0.0027,3.0836,-0.6441,4.6971,4.4869,-1.476,-6.14
202104,0.0014,4.9225,-2.9242,-3.4483,2.0464,2.1879,1.1
202105,0.0005,0.2861,1.8365,4.3494,2.6254,-1.7836,0.88
202106,0.0004,2.7487,-0.0955,-2.4309,-1.1643,3.7346,2.19
202107,0.0031,1.2671,-3.0542,-1.4863,7.6337,5.2153,-2.28
202108,0.0049,2.9041,-0.8165,-1.9834,1.2464,2.2894,2.52
202109,0.0033,-4.369,0.773,3.2602,-1.7508,-4.7885,1.53
202110,0.0037,6.6475,-1.9691,-2.2881,3.4088,3.5182,3.19
202111,0.0044,-1.5461,-0.5887,-0.3563,8.6032,4.9244,0.89
202112,0.0067,3.1025,-0.554,5.2855,3.8004,1.1868,-2.6